parameter,sector,x_xl_designation,display
medida_biodigestores,Analytica_agriculture,xl,Medida Biodigestores
medida_cambio_dieta_bovina,Analytica_agriculture,xl,Medida Cambio Dieta Bovina
medida_captura_c_suelos,Analytica_agriculture,xl,Medida Captura C Suelos
medida_uso_eficiente_fertilizante,Analytica_agriculture,xl,Medida Uso Eficiente Fertilizante
precio_bovino,Analytica_agriculture,xl,Precio Bovino
precio_cerdo,Analytica_agriculture,xl,Precio Cerdo
precio_leche,Analytica_agriculture,xl,Precio Leche
precio_maiz,Analytica_agriculture,xl,Precio Maiz
precio_pollo,Analytica_agriculture,xl,Precio Pollo
precio_soya,Analytica_agriculture,xl,Precio Soya
poblacion_rural,Analytica_all,x,Poblacion Rural
poblacion_urbana,Analytica_all,x,Poblacion Urbana
trajmix_pib,Analytica_all,x,PIB
trajmix_poblacion,Analytica_all,x,Poblacion
incertidumbre_demanda_productos_forestales,Analytica_forestry,x,Incertidumbre Demanda Productos Forestales
incertidumbre_incendio_bn,Analytica_forestry,x,Incertidumbre Incendio Bn
incertidumbre_incendio_plantaciones,Analytica_forestry,x,Incertidumbre Incendio Plantaciones
incertidumbre_perdida_de_bosque_nativo,Analytica_forestry,x,Incertidumbre Perdida De Bosque Nativo
incertidumbre_rendimiento_bn,Analytica_forestry,x,Incertidumbre Rendimiento Bn
incertidumbre_rendimiento_plantacion,Analytica_forestry,x,Incertidumbre Rendimiento Plantacion
incertidumbre_var_demanda_legna,Analytica_forestry,x,Incertidumbre Var Demanda Legna
medida_forestacion_bn,Analytica_forestry,xl,Medida Forestacion Bn
medida_forestacion_plantaciones,Analytica_forestry,xl,Medida Forestacion Plantaciones
medida_incendio_bosque_nativo,Analytica_forestry,xl,Medida Incendio Bosque Nativo
medida_incendio_plantaciones_forestales,Analytica_forestry,xl,Medida Incendio Plantaciones Forestales
medida_plan_de_manejo,Analytica_forestry,xl,Medida Plan De Manejo
medida_sustitucion_degradacion,Analytica_forestry,xl,Medida Sustitucion Degradacion
trajmix_incertidumbre_megaincendio,Analytica_forestry,x,Incertidumbre Megaincendio
hfcmma,Analytica_ippu,x,Hfcmma
imp_clinker,Analytica_ippu,x,Imp Clinker
nueva_cap_recuperacion,Analytica_ippu,xl,Nueva Cap Recuperacion
supuestos_mma_ippu,Analytica_ippu,x,Supuestos Mma Ippu
tasa_fuga,Analytica_ippu,x,Tasa Fuga
tf_comercial,Analytica_ippu,x,Tf Comercial
tf_industrial,Analytica_ippu,x,Tf Industrial
cumplimiento_metas,Analytica_waste,x,Cumplimiento Metas
ef_captura,Analytica_waste,xl,Ef Captura
elast_res_ind_pib,Analytica_waste,x,Elast Res Ind Pib
inv_antorcha,Analytica_waste,xl,Inv Antorcha
inv_ptas,Analytica_waste,xl,Inv Ptas
ptas_antofa,Analytica_waste,x,Ptas Antofa
ptas_biobio,Analytica_waste,x,Ptas Biobio
ptas_valpo,Analytica_waste,x,Ptas Valpo
ptasls_coq,Analytica_waste,x,Ptasls Coq
rs_arauc,Analytica_waste,x,Rs Arauc
rs_aysen,Analytica_waste,x,Rs Aysen
rs_coq,Analytica_waste,x,Rs Coq
rs_magallanes,Analytica_waste,x,Rs Magallanes
rs_tarapaca,Analytica_waste,x,Rs Tarapaca
rs_valpo,Analytica_waste,x,Rs Valpo
supuestos_mma_waste,Analytica_waste,x,Supuestos Mma Waste
electrolyzer_efficiency,all,x,Electrolyzer Efficiency
share_electric_grid_to_hydrogen,all,x,Share Electric Grid To Hydrogen
commercial_acs_diesel,commercial,x,Commercial Acs Diesel
commercial_acs_natural_gas,commercial,x,Commercial Acs Natural Gas
commercial_acs_pliqgas,commercial,x,Commercial Acs Pliqgas
commercial_activity_acs,commercial,x,Commercial Activity Acs
commercial_activity_heating,commercial,x,Commercial Activity Heating
commercial_activity_motive,commercial,x,Commercial Activity Motive
commercial_activity_other,commercial,x,Commercial Activity Other
commercial_dem_acs,commercial,x,Commercial Dem Acs
commercial_dem_heating,commercial,x,Commercial Dem Heating
commercial_dem_motive,commercial,x,Commercial Dem Motive
commercial_dem_other,commercial,x,Commercial Dem Other
commercial_efficiency_acs_diesel,commercial,x,Commercial Efficiency Acs Diesel
commercial_efficiency_acs_natural_gas,commercial,x,Commercial Efficiency Acs Natural Gas
commercial_efficiency_acs_pliqgas,commercial,x,Commercial Efficiency Acs Pliqgas
commercial_efficiency_heating_diesel,commercial,x,Commercial Efficiency Heating Diesel
commercial_efficiency_heating_electric,commercial,x,Commercial Efficiency Heating Electric
commercial_efficiency_heating_natural_gas,commercial,x,Commercial Efficiency Heating Natural Gas
commercial_efficiency_heating_pliqgas,commercial,x,Commercial Efficiency Heating Pliqgas
commercial_efficiency_motive_electric,commercial,x,Commercial Efficiency Motive Electric
commercial_efficiency_other_biomass,commercial,x,Commercial Efficiency Other Biomass
commercial_efficiency_other_diesel,commercial,x,Commercial Efficiency Other Diesel
commercial_efficiency_other_electric,commercial,x,Commercial Efficiency Other Electric
commercial_efficiency_other_gas,commercial,x,Commercial Efficiency Other Gas
commercial_efficiency_other_hydrogen,commercial,x,Commercial Efficiency Other Hydrogen
commercial_efficiency_other_kerosene,commercial,x,Commercial Efficiency Other Kerosene
commercial_efficiency_other_natural_gas,commercial,x,Commercial Efficiency Other Natural Gas
commercial_efficiency_other_pliqgas,commercial,x,Commercial Efficiency Other Pliqgas
commercial_elasticity,commercial,x,Commercial Elasticity
commercial_emission_fact_diesel,commercial,x,Commercial Emission Fact Diesel
commercial_emission_fact_kerosene,commercial,x,Commercial Emission Fact Kerosene
commercial_emission_fact_natural_gas,commercial,x,Commercial Emission Fact Natural Gas
commercial_emission_fact_pliqgas,commercial,x,Commercial Emission Fact Pliqgas
commercial_frac_biomass,commercial,xl,Commercial Frac Biomass
commercial_frac_diesel,commercial,xl,Commercial Frac Diesel
commercial_frac_electric,commercial,xl,Commercial Frac Electric
commercial_frac_hydrogen,commercial,xl,Commercial Frac Hydrogen
commercial_frac_kerosene,commercial,xl,Commercial Frac Kerosene
commercial_frac_natural_gas,commercial,xl,Commercial Frac Natural Gas
commercial_frac_pliqgas,commercial,xl,Commercial Frac Pliqgas
commercial_frac_solar,commercial,xl,Commercial Frac Solar
commercial_fuel_price_biomass,commercial,x,Commercial Fuel Price Biomass
commercial_fuel_price_diesel,commercial,x,Commercial Fuel Price Diesel
commercial_fuel_price_electric,commercial,x,Commercial Fuel Price Electric
commercial_fuel_price_hydrogen,commercial,x,Commercial Fuel Price Hydrogen
commercial_fuel_price_kerosene,commercial,x,Commercial Fuel Price Kerosene
commercial_fuel_price_natural_gas,commercial,x,Commercial Fuel Price Natural Gas
commercial_fuel_price_pliqgas,commercial,x,Commercial Fuel Price Pliqgas
commercial_fuel_price_solar,commercial,x,Commercial Fuel Price Solar
commercial_heating_diesel,commercial,xl,Commercial Heating Diesel
commercial_heating_electric,commercial,xl,Commercial Heating Electric
commercial_heating_natural_gas,commercial,xl,Commercial Heating Natural Gas
commercial_heating_pliqgas,commercial,xl,Commercial Heating Pliqgas
commercial_investment_cost_acs_diesel,commercial,x,Commercial Investment Cost Acs Diesel
commercial_investment_cost_acs_natural_gas,commercial,x,Commercial Investment Cost Acs Natural Gas
commercial_investment_cost_acs_pliqgas,commercial,x,Commercial Investment Cost Acs Pliqgas
commercial_investment_cost_heating_diesel,commercial,x,Commercial Investment Cost Heating Diesel
commercial_investment_cost_heating_electric,commercial,x,Commercial Investment Cost Heating Electric
commercial_investment_cost_heating_natural_gas,commercial,x,Commercial Investment Cost Heating Natural Gas
commercial_investment_cost_heating_pliqgas,commercial,x,Commercial Investment Cost Heating Pliqgas
commercial_investment_cost_motive_electric,commercial,x,Commercial Investment Cost Motive Electric
commercial_investment_cost_other_biomass,commercial,x,Commercial Investment Cost Other Biomass
commercial_investment_cost_other_diesel,commercial,x,Commercial Investment Cost Other Diesel
commercial_investment_cost_other_electric,commercial,x,Commercial Investment Cost Other Electric
commercial_investment_cost_other_gas,commercial,x,Commercial Investment Cost Other Gas
commercial_investment_cost_other_kerosene,commercial,x,Commercial Investment Cost Other Kerosene
commercial_investment_cost_other_natural_gas,commercial,x,Commercial Investment Cost Other Natural Gas
commercial_investment_cost_other_pliqgas,commercial,x,Commercial Investment Cost Other Pliqgas
commercial_motive_electric,commercial,x,Commercial Motive Electric
commercial_other_biomass,commercial,xl,Commercial Other Biomass
commercial_other_diesel,commercial,xl,Commercial Other Diesel
commercial_other_electric,commercial,xl,Commercial Other Electric
commercial_other_gas,commercial,xl,Commercial Other Gas
commercial_other_hydrogen,commercial,xl,Commercial Other Hydrogen
commercial_other_kerosene,commercial,xl,Commercial Other Kerosene
commercial_other_natural_gas,commercial,xl,Commercial Other Natural Gas
commercial_other_pliqgas,commercial,xl,Commercial Other Pliqgas
commercial_relation_usefull_energy,commercial,x,Commercial Relation Usefull Energy
hydrology_exceedance_probability,electricity_generation,x,Hydrology Exceedance Probability
trajmix_fuel_price_coal,electricity_generation,x,Fuel Price Coal
trajmix_fuel_price_diesel,electricity_generation,x,Fuel Price Diesel
trajmix_fuel_price_fuel_oil,electricity_generation,x,Fuel Price Fuel Oil
trajmix_fuel_price_natural_gas,electricity_generation,x,Fuel Price Natural Gas
trajmix_investment_cost_csp_solar,electricity_generation,x,Investment Cost Csp Solar
trajmix_investment_cost_geothermal,electricity_generation,x,Investment Cost Geothermal
trajmix_investment_cost_natural_gas_cc,electricity_generation,x,Investment Cost Natural Gas Cc
trajmix_investment_cost_pv_solar,electricity_generation,x,Investment Cost Pv Solar
trajmix_investment_cost_wind,electricity_generation,x,Investment Cost Wind
cement_emission_fact_coal,industry_and_mining,x,Cement Emission Fact Coal
cement_emission_fact_diesel,industry_and_mining,x,Cement Emission Fact Diesel
cement_emission_fact_kerosene,industry_and_mining,x,Cement Emission Fact Kerosene
cement_emission_fact_natural_gas,industry_and_mining,x,Cement Emission Fact Natural Gas
cement_frac_biomass,industry_and_mining,xl,Cement Frac Biomass
cement_frac_coal,industry_and_mining,xl,Cement Frac Coal
cement_frac_diesel,industry_and_mining,xl,Cement Frac Diesel
cement_frac_electric,industry_and_mining,xl,Cement Frac Electric
cement_frac_hydrogen,industry_and_mining,xl,Cement Frac Hydrogen
cement_frac_kerosene,industry_and_mining,xl,Cement Frac Kerosene
cement_frac_natural_gas,industry_and_mining,xl,Cement Frac Natural Gas
cement_frac_solar,industry_and_mining,xl,Cement Frac Solar
cement_frac_thermal_solar,industry_and_mining,xl,Cement Frac Thermal Solar
cement_intensity,industry_and_mining,x,Cement Intensity
cement_production,industry_and_mining,x,Cement Production
copper_activitiy_subt_mine,industry_and_mining,x,Copper Activitiy Subt Mine
copper_activity_heat,industry_and_mining,x,Copper Activity Heat
copper_activity_motor,industry_and_mining,x,Copper Activity Motor
copper_activity_open_pit_mine,industry_and_mining,x,Copper Activity Open Pit Mine
copper_activity_other,industry_and_mining,x,Copper Activity Other
copper_activity_subt_mine,industry_and_mining,x,Copper Activity Subt Mine
copper_efficiency_heat_diesel,industry_and_mining,x,Copper Efficiency Heat Diesel
copper_efficiency_heat_electricitiy,industry_and_mining,x,Copper Efficiency Heat Electricitiy
copper_efficiency_heat_hydrogen,industry_and_mining,x,Copper Efficiency Heat Hydrogen
copper_efficiency_heat_natural_gas,industry_and_mining,x,Copper Efficiency Heat Natural Gas
copper_efficiency_heat_plqgas,industry_and_mining,x,Copper Efficiency Heat Plqgas
copper_efficiency_heat_solar,industry_and_mining,x,Copper Efficiency Heat Solar
copper_efficiency_motor_diesel,industry_and_mining,x,Copper Efficiency Motor Diesel
copper_efficiency_motor_electricitiy,industry_and_mining,x,Copper Efficiency Motor Electricitiy
copper_efficiency_motor_hydrogen,industry_and_mining,x,Copper Efficiency Motor Hydrogen
copper_efficiency_open_pit_mine_diesel,industry_and_mining,x,Copper Efficiency Open Pit Mine Diesel
copper_efficiency_open_pit_mine_electricitiy,industry_and_mining,x,Copper Efficiency Open Pit Mine Electricitiy
copper_efficiency_open_pit_mine_hydrogen,industry_and_mining,x,Copper Efficiency Open Pit Mine Hydrogen
copper_efficiency_other_diesel,industry_and_mining,x,Copper Efficiency Other Diesel
copper_efficiency_other_electricity,industry_and_mining,x,Copper Efficiency Other Electricity
copper_efficiency_other_natural_gas,industry_and_mining,x,Copper Efficiency Other Natural Gas
copper_efficiency_subt_mine_diesel,industry_and_mining,x,Copper Efficiency Subt Mine Diesel
copper_efficiency_subt_mine_electricitiy,industry_and_mining,x,Copper Efficiency Subt Mine Electricitiy
copper_efficiency_subt_mine_hydrogen,industry_and_mining,x,Copper Efficiency Subt Mine Hydrogen
copper_emission_fact_diesel,industry_and_mining,x,Copper Emission Fact Diesel
copper_emission_fact_fueloil,industry_and_mining,x,Copper Emission Fact Fueloil
copper_emission_fact_kerosene,industry_and_mining,x,Copper Emission Fact Kerosene
copper_emission_fact_natural_gas,industry_and_mining,x,Copper Emission Fact Natural Gas
copper_emission_fact_pliqgas,industry_and_mining,x,Copper Emission Fact Pliqgas
copper_heat_electricitiy,industry_and_mining,xl,Copper Heat Electricitiy
copper_heat_hydrogen,industry_and_mining,xl,Copper Heat Hydrogen
copper_heat_natural_gas,industry_and_mining,xl,Copper Heat Natural Gas
copper_heat_plqgas,industry_and_mining,xl,Copper Heat Plqgas
copper_intensity_useful_energy,industry_and_mining,x,Copper Intensity Useful Energy
copper_investment_cost_heat_diesel,industry_and_mining,x,Copper Investment Cost Heat Diesel
copper_investment_cost_heat_electricitiy,industry_and_mining,x,Copper Investment Cost Heat Electricitiy
copper_investment_cost_heat_hydrogen,industry_and_mining,x,Copper Investment Cost Heat Hydrogen
copper_investment_cost_heat_natural_gas,industry_and_mining,x,Copper Investment Cost Heat Natural Gas
copper_investment_cost_heat_plqgas,industry_and_mining,x,Copper Investment Cost Heat Plqgas
copper_investment_cost_heat_solar,industry_and_mining,x,Copper Investment Cost Heat Solar
copper_investment_cost_motor_diesel,industry_and_mining,x,Copper Investment Cost Motor Diesel
copper_investment_cost_motor_electricitiy,industry_and_mining,x,Copper Investment Cost Motor Electricitiy
copper_investment_cost_motor_hydrogen,industry_and_mining,x,Copper Investment Cost Motor Hydrogen
copper_investment_cost_open_pit_mine_diesel,industry_and_mining,x,Copper Investment Cost Open Pit Mine Diesel
copper_investment_cost_open_pit_mine_electricitiy,industry_and_mining,x,Copper Investment Cost Open Pit Mine Electricitiy
copper_investment_cost_open_pit_mine_hydrogen,industry_and_mining,x,Copper Investment Cost Open Pit Mine Hydrogen
copper_investment_cost_subt_mine_diesel,industry_and_mining,x,Copper Investment Cost Subt Mine Diesel
copper_investment_cost_subt_mine_electricitiy,industry_and_mining,x,Copper Investment Cost Subt Mine Electricitiy
copper_investment_cost_subt_mine_hydrogen,industry_and_mining,x,Copper Investment Cost Subt Mine Hydrogen
copper_motor_diesel,industry_and_mining,xl,Copper Motor Diesel
copper_motor_electricitiy,industry_and_mining,xl,Copper Motor Electricitiy
copper_motor_hydrogen,industry_and_mining,xl,Copper Motor Hydrogen
copper_open_investment_cost_pit_mine_diesel,industry_and_mining,x,Copper Open Investment Cost Pit Mine Diesel
copper_open_investment_cost_pit_mine_electricitiy,industry_and_mining,x,Copper Open Investment Cost Pit Mine Electricitiy
copper_open_investment_cost_pit_mine_hydrogen,industry_and_mining,x,Copper Open Investment Cost Pit Mine Hydrogen
copper_open_pit_mine_hydrogen,industry_and_mining,xl,Copper Open Pit Mine Hydrogen
copper_other_diesel,industry_and_mining,xl,Copper Other Diesel
copper_other_electricity,industry_and_mining,xl,Copper Other Electricity
copper_other_natural_gas,industry_and_mining,xl,Copper Other Natural Gas
copper_share_heat,industry_and_mining,x,Copper Share Heat
copper_share_motor,industry_and_mining,x,Copper Share Motor
copper_share_open_pit_mine,industry_and_mining,x,Copper Share Open Pit Mine
copper_share_other,industry_and_mining,x,Copper Share Other
copper_share_subt_mine,industry_and_mining,x,Copper Share Subt Mine
copper_subt_mine_diesel,industry_and_mining,xl,Copper Subt Mine Diesel
copper_subt_mine_electricitiy,industry_and_mining,xl,Copper Subt Mine Electricitiy
copper_subt_mine_hydrogen,industry_and_mining,xl,Copper Subt Mine Hydrogen
fishing_emission_fact_coal,industry_and_mining,x,Fishing Emission Fact Coal
fishing_emission_fact_diesel,industry_and_mining,x,Fishing Emission Fact Diesel
fishing_emission_fact_natural_gas,industry_and_mining,x,Fishing Emission Fact Natural Gas
fishing_frac_biomass,industry_and_mining,xl,Fishing Frac Biomass
fishing_frac_coal,industry_and_mining,xl,Fishing Frac Coal
fishing_frac_diesel,industry_and_mining,xl,Fishing Frac Diesel
fishing_frac_electric,industry_and_mining,xl,Fishing Frac Electric
fishing_frac_hydrogen,industry_and_mining,xl,Fishing Frac Hydrogen
fishing_frac_natural_gas,industry_and_mining,xl,Fishing Frac Natural Gas
fishing_frac_solar,industry_and_mining,xl,Fishing Frac Solar
fishing_frac_thermal_solar,industry_and_mining,xl,Fishing Frac Thermal Solar
fishing_intensity,industry_and_mining,x,Fishing Intensity
fishing_production,industry_and_mining,x,Fishing Production
gdp,industry_and_mining,xl,Gdp
growth_rate_gdp,industry_and_mining,xl,Growth Rate Gdp
industry_and_mining_fuel_price_biomass,industry_and_mining,x,Industry And Mining Fuel Price Biomass
industry_and_mining_fuel_price_coal,industry_and_mining,x,Industry And Mining Fuel Price Coal
industry_and_mining_fuel_price_coke,industry_and_mining,x,Industry And Mining Fuel Price Coke
industry_and_mining_fuel_price_diesel,industry_and_mining,x,Industry And Mining Fuel Price Diesel
industry_and_mining_fuel_price_electric,industry_and_mining,x,Industry And Mining Fuel Price Electric
industry_and_mining_fuel_price_fuel_oil,industry_and_mining,x,Industry And Mining Fuel Price Fuel Oil
industry_and_mining_fuel_price_hydrogen,industry_and_mining,x,Industry And Mining Fuel Price Hydrogen
industry_and_mining_fuel_price_kerosene,industry_and_mining,x,Industry And Mining Fuel Price Kerosene
industry_and_mining_fuel_price_natural_gas,industry_and_mining,x,Industry And Mining Fuel Price Natural Gas
industry_and_mining_fuel_price_pliqgas,industry_and_mining,x,Industry And Mining Fuel Price Pliqgas
industry_and_mining_fuel_price_solar,industry_and_mining,x,Industry And Mining Fuel Price Solar
industry_and_mining_investment_cost_heat_biomass,industry_and_mining,x,Industry And Mining Investment Cost Heat Biomass
industry_and_mining_investment_cost_heat_coal,industry_and_mining,x,Industry And Mining Investment Cost Heat Coal
industry_and_mining_investment_cost_heat_coke,industry_and_mining,x,Industry And Mining Investment Cost Heat Coke
industry_and_mining_investment_cost_heat_diesel,industry_and_mining,x,Industry And Mining Investment Cost Heat Diesel
industry_and_mining_investment_cost_heat_electric,industry_and_mining,x,Industry And Mining Investment Cost Heat Electric
industry_and_mining_investment_cost_heat_fuel_oil,industry_and_mining,x,Industry And Mining Investment Cost Heat Fuel Oil
industry_and_mining_investment_cost_heat_hydrogen,industry_and_mining,x,Industry And Mining Investment Cost Heat Hydrogen
industry_and_mining_investment_cost_heat_natural_gas,industry_and_mining,x,Industry And Mining Investment Cost Heat Natural Gas
industry_and_mining_investment_cost_heat_pliqgas,industry_and_mining,x,Industry And Mining Investment Cost Heat Pliqgas
industry_and_mining_investment_cost_heat_solar,industry_and_mining,x,Industry And Mining Investment Cost Heat Solar
industry_and_mining_investment_cost_motor_diesel,industry_and_mining,x,Industry And Mining Investment Cost Motor Diesel
industry_and_mining_investment_cost_motor_electric,industry_and_mining,x,Industry And Mining Investment Cost Motor Electric
industry_and_mining_investment_cost_motor_hydrogen,industry_and_mining,x,Industry And Mining Investment Cost Motor Hydrogen
industry_and_mining_investment_cost_motor_pliqgas,industry_and_mining,x,Industry And Mining Investment Cost Motor Pliqgas
iron_activity_heat,industry_and_mining,x,Iron Activity Heat
iron_activity_motor,industry_and_mining,x,Iron Activity Motor
iron_activity_other,industry_and_mining,x,Iron Activity Other
iron_efficiency_heat_biomass,industry_and_mining,x,Iron Efficiency Heat Biomass
iron_efficiency_heat_coal,industry_and_mining,x,Iron Efficiency Heat Coal
iron_efficiency_heat_coke,industry_and_mining,x,Iron Efficiency Heat Coke
iron_efficiency_heat_diesel,industry_and_mining,x,Iron Efficiency Heat Diesel
iron_efficiency_heat_electric,industry_and_mining,x,Iron Efficiency Heat Electric
iron_efficiency_heat_fuel_oil,industry_and_mining,x,Iron Efficiency Heat Fuel Oil
iron_efficiency_heat_hydrogen,industry_and_mining,x,Iron Efficiency Heat Hydrogen
iron_efficiency_heat_natural_gas,industry_and_mining,x,Iron Efficiency Heat Natural Gas
iron_efficiency_heat_pliqgas,industry_and_mining,x,Iron Efficiency Heat Pliqgas
iron_efficiency_heat_solar,industry_and_mining,x,Iron Efficiency Heat Solar
iron_efficiency_motor_diesel,industry_and_mining,x,Iron Efficiency Motor Diesel
iron_efficiency_motor_electric,industry_and_mining,x,Iron Efficiency Motor Electric
iron_efficiency_motor_hydrogen,industry_and_mining,x,Iron Efficiency Motor Hydrogen
iron_efficiency_motor_pliqgas,industry_and_mining,x,Iron Efficiency Motor Pliqgas
iron_efficiency_other_electric,industry_and_mining,x,Iron Efficiency Other Electric
iron_emission_fact_coal,industry_and_mining,x,Iron Emission Fact Coal
iron_emission_fact_coke,industry_and_mining,x,Iron Emission Fact Coke
iron_emission_fact_diesel,industry_and_mining,x,Iron Emission Fact Diesel
iron_emission_fact_fueloil,industry_and_mining,x,Iron Emission Fact Fueloil
iron_emission_fact_natural_gas,industry_and_mining,x,Iron Emission Fact Natural Gas
iron_emission_fact_pliqgas,industry_and_mining,x,Iron Emission Fact Pliqgas
iron_heat_biomass,industry_and_mining,xl,Iron Heat Biomass
iron_heat_coal,industry_and_mining,xl,Iron Heat Coal
iron_heat_coke,industry_and_mining,xl,Iron Heat Coke
iron_heat_diesel,industry_and_mining,xl,Iron Heat Diesel
iron_heat_electric,industry_and_mining,xl,Iron Heat Electric
iron_heat_fuel_oil,industry_and_mining,xl,Iron Heat Fuel Oil
iron_heat_hydrogen,industry_and_mining,xl,Iron Heat Hydrogen
iron_heat_natural_gas,industry_and_mining,xl,Iron Heat Natural Gas
iron_heat_pliqgas,industry_and_mining,xl,Iron Heat Pliqgas
iron_heat_solar,industry_and_mining,xl,Iron Heat Solar
iron_intensity,industry_and_mining,x,Iron Intensity
iron_intensity_reference,industry_and_mining,x,Iron Intensity Reference
iron_investment_efficiency_improvement,industry_and_mining,xl,Iron Investment Efficiency Improvement
iron_motor_diesel,industry_and_mining,xl,Iron Motor Diesel
iron_motor_electric,industry_and_mining,xl,Iron Motor Electric
iron_motor_hydrogen,industry_and_mining,xl,Iron Motor Hydrogen
iron_motor_pliqgas,industry_and_mining,xl,Iron Motor Pliqgas
iron_other_electric,industry_and_mining,x,Iron Other Electric
iron_plant_factor_sst,industry_and_mining,x,Iron Plant Factor Sst
iron_production,industry_and_mining,x,Iron Production
iron_share_heat,industry_and_mining,x,Iron Share Heat
iron_share_motor,industry_and_mining,x,Iron Share Motor
iron_share_other,industry_and_mining,x,Iron Share Other
other_industries_activity_heat,industry_and_mining,x,Other Industries Activity Heat
other_industries_activity_motor,industry_and_mining,x,Other Industries Activity Motor
other_industries_activity_other,industry_and_mining,x,Other Industries Activity Other
other_industries_efficiency_heat_biomass,industry_and_mining,x,Other Industries Efficiency Heat Biomass
other_industries_efficiency_heat_coal,industry_and_mining,x,Other Industries Efficiency Heat Coal
other_industries_efficiency_heat_diesel,industry_and_mining,x,Other Industries Efficiency Heat Diesel
other_industries_efficiency_heat_electric,industry_and_mining,x,Other Industries Efficiency Heat Electric
other_industries_efficiency_heat_fuel_oil,industry_and_mining,x,Other Industries Efficiency Heat Fuel Oil
other_industries_efficiency_heat_hydrogen,industry_and_mining,x,Other Industries Efficiency Heat Hydrogen
other_industries_efficiency_heat_natural_gas,industry_and_mining,x,Other Industries Efficiency Heat Natural Gas
other_industries_efficiency_heat_pliqgas,industry_and_mining,x,Other Industries Efficiency Heat Pliqgas
other_industries_efficiency_heat_solar,industry_and_mining,x,Other Industries Efficiency Heat Solar
other_industries_efficiency_motor_diesel,industry_and_mining,x,Other Industries Efficiency Motor Diesel
other_industries_efficiency_motor_electric,industry_and_mining,x,Other Industries Efficiency Motor Electric
other_industries_efficiency_motor_hydrogen,industry_and_mining,x,Other Industries Efficiency Motor Hydrogen
other_industries_efficiency_motor_pliqgas,industry_and_mining,x,Other Industries Efficiency Motor Pliqgas
other_industries_efficiency_other_electric,industry_and_mining,x,Other Industries Efficiency Other Electric
other_industries_elasticity,industry_and_mining,x,Other Industries Elasticity
other_industries_emission_fact_coal,industry_and_mining,x,Other Industries Emission Fact Coal
other_industries_emission_fact_diesel,industry_and_mining,x,Other Industries Emission Fact Diesel
other_industries_emission_fact_fueloil,industry_and_mining,x,Other Industries Emission Fact Fueloil
other_industries_emission_fact_natural_gas,industry_and_mining,x,Other Industries Emission Fact Natural Gas
other_industries_emission_fact_pliqgas,industry_and_mining,x,Other Industries Emission Fact Pliqgas
other_industries_frac_biomass,industry_and_mining,xl,Other Industries Frac Biomass
other_industries_frac_coal,industry_and_mining,xl,Other Industries Frac Coal
other_industries_frac_diesel,industry_and_mining,xl,Other Industries Frac Diesel
other_industries_frac_electric,industry_and_mining,xl,Other Industries Frac Electric
other_industries_frac_hydrogen,industry_and_mining,xl,Other Industries Frac Hydrogen
other_industries_frac_natural_gas,industry_and_mining,xl,Other Industries Frac Natural Gas
other_industries_frac_solar,industry_and_mining,xl,Other Industries Frac Solar
other_industries_frac_thermal_solar,industry_and_mining,xl,Other Industries Frac Thermal Solar
other_industries_heat_biomass,industry_and_mining,xl,Other Industries Heat Biomass
other_industries_heat_electric,industry_and_mining,xl,Other Industries Heat Electric
other_industries_heat_hydrogen,industry_and_mining,xl,Other Industries Heat Hydrogen
other_industries_intensity,industry_and_mining,x,Other Industries Intensity
other_industries_motor_diesel,industry_and_mining,xl,Other Industries Motor Diesel
other_industries_motor_electric,industry_and_mining,xl,Other Industries Motor Electric
other_industries_motor_hydrogen,industry_and_mining,xl,Other Industries Motor Hydrogen
other_industries_motor_pliqgas,industry_and_mining,xl,Other Industries Motor Pliqgas
other_industries_other_electric,industry_and_mining,x,Other Industries Other Electric
other_industries_rate_useful_energy,industry_and_mining,x,Other Industries Rate Useful Energy
other_industries_share_heat,industry_and_mining,x,Other Industries Share Heat
other_industries_share_motor,industry_and_mining,x,Other Industries Share Motor
other_industries_share_other,industry_and_mining,x,Other Industries Share Other
other_mining_activity_heat,industry_and_mining,x,Other Mining Activity Heat
other_mining_activity_motor,industry_and_mining,x,Other Mining Activity Motor
other_mining_activity_other,industry_and_mining,x,Other Mining Activity Other
other_mining_efficiency_heat_biomass,industry_and_mining,x,Other Mining Efficiency Heat Biomass
other_mining_efficiency_heat_coal,industry_and_mining,x,Other Mining Efficiency Heat Coal
other_mining_efficiency_heat_diesel,industry_and_mining,x,Other Mining Efficiency Heat Diesel
other_mining_efficiency_heat_electric,industry_and_mining,x,Other Mining Efficiency Heat Electric
other_mining_efficiency_heat_fuel_oil,industry_and_mining,x,Other Mining Efficiency Heat Fuel Oil
other_mining_efficiency_heat_hydrogen,industry_and_mining,x,Other Mining Efficiency Heat Hydrogen
other_mining_efficiency_heat_natural_gas,industry_and_mining,x,Other Mining Efficiency Heat Natural Gas
other_mining_efficiency_heat_pliqgas,industry_and_mining,x,Other Mining Efficiency Heat Pliqgas
other_mining_efficiency_heat_solar,industry_and_mining,x,Other Mining Efficiency Heat Solar
other_mining_efficiency_motor_diesel,industry_and_mining,x,Other Mining Efficiency Motor Diesel
other_mining_efficiency_motor_electric,industry_and_mining,x,Other Mining Efficiency Motor Electric
other_mining_efficiency_motor_hydrogen,industry_and_mining,x,Other Mining Efficiency Motor Hydrogen
other_mining_efficiency_motor_pliqgas,industry_and_mining,x,Other Mining Efficiency Motor Pliqgas
other_mining_efficiency_other_electric,industry_and_mining,x,Other Mining Efficiency Other Electric
other_mining_emission_fact_coal,industry_and_mining,x,Other Mining Emission Fact Coal
other_mining_emission_fact_diesel,industry_and_mining,x,Other Mining Emission Fact Diesel
other_mining_emission_fact_fueloil,industry_and_mining,x,Other Mining Emission Fact Fueloil
other_mining_emission_fact_natural_gas,industry_and_mining,x,Other Mining Emission Fact Natural Gas
other_mining_emission_fact_pliqgas,industry_and_mining,x,Other Mining Emission Fact Pliqgas
other_mining_frac_biomass,industry_and_mining,xl,Other Mining Frac Biomass
other_mining_frac_coal,industry_and_mining,xl,Other Mining Frac Coal
other_mining_frac_diesel,industry_and_mining,xl,Other Mining Frac Diesel
other_mining_frac_electric,industry_and_mining,xl,Other Mining Frac Electric
other_mining_frac_hydrogen,industry_and_mining,xl,Other Mining Frac Hydrogen
other_mining_frac_natural_gas,industry_and_mining,xl,Other Mining Frac Natural Gas
other_mining_frac_solar,industry_and_mining,xl,Other Mining Frac Solar
other_mining_frac_thermal_solar,industry_and_mining,xl,Other Mining Frac Thermal Solar
other_mining_heat_biomass,industry_and_mining,xl,Other Mining Heat Biomass
other_mining_heat_coal,industry_and_mining,xl,Other Mining Heat Coal
other_mining_heat_diesel,industry_and_mining,xl,Other Mining Heat Diesel
other_mining_heat_electric,industry_and_mining,xl,Other Mining Heat Electric
other_mining_heat_fuel_oil,industry_and_mining,xl,Other Mining Heat Fuel Oil
other_mining_heat_hydrogen,industry_and_mining,xl,Other Mining Heat Hydrogen
other_mining_heat_natural_gas,industry_and_mining,xl,Other Mining Heat Natural Gas
other_mining_heat_pliqgas,industry_and_mining,xl,Other Mining Heat Pliqgas
other_mining_heat_solar,industry_and_mining,xl,Other Mining Heat Solar
other_mining_intensity,industry_and_mining,x,Other Mining Intensity
other_mining_motor_diesel,industry_and_mining,xl,Other Mining Motor Diesel
other_mining_motor_electric,industry_and_mining,xl,Other Mining Motor Electric
other_mining_motor_hydrogen,industry_and_mining,xl,Other Mining Motor Hydrogen
other_mining_motor_pliqgas,industry_and_mining,xl,Other Mining Motor Pliqgas
other_mining_other_electric,industry_and_mining,x,Other Mining Other Electric
other_mining_plant_factor_sst,industry_and_mining,x,Other Mining Plant Factor Sst
other_mining_production,industry_and_mining,x,Other Mining Production
other_mining_share_heat,industry_and_mining,x,Other Mining Share Heat
other_mining_share_motor,industry_and_mining,x,Other Mining Share Motor
other_mining_share_other,industry_and_mining,x,Other Mining Share Other
pulp_activity_heat,industry_and_mining,x,Pulp Activity Heat
pulp_activity_motor,industry_and_mining,x,Pulp Activity Motor
pulp_activity_other,industry_and_mining,x,Pulp Activity Other
pulp_efficiency_heat_biomass,industry_and_mining,x,Pulp Efficiency Heat Biomass
pulp_efficiency_heat_coal,industry_and_mining,x,Pulp Efficiency Heat Coal
pulp_efficiency_heat_diesel,industry_and_mining,x,Pulp Efficiency Heat Diesel
pulp_efficiency_heat_electric,industry_and_mining,x,Pulp Efficiency Heat Electric
pulp_efficiency_heat_fuel_oil,industry_and_mining,x,Pulp Efficiency Heat Fuel Oil
pulp_efficiency_heat_hydrogen,industry_and_mining,x,Pulp Efficiency Heat Hydrogen
pulp_efficiency_heat_natural_gas,industry_and_mining,x,Pulp Efficiency Heat Natural Gas
pulp_efficiency_heat_pliqgas,industry_and_mining,x,Pulp Efficiency Heat Pliqgas
pulp_efficiency_heat_solar,industry_and_mining,x,Pulp Efficiency Heat Solar
pulp_efficiency_motor_diesel,industry_and_mining,x,Pulp Efficiency Motor Diesel
pulp_efficiency_motor_electric,industry_and_mining,x,Pulp Efficiency Motor Electric
pulp_efficiency_motor_hydrogen,industry_and_mining,x,Pulp Efficiency Motor Hydrogen
pulp_efficiency_motor_pliqgas,industry_and_mining,x,Pulp Efficiency Motor Pliqgas
pulp_efficiency_other_electric,industry_and_mining,x,Pulp Efficiency Other Electric
pulp_emission_fact_coal,industry_and_mining,x,Pulp Emission Fact Coal
pulp_emission_fact_diesel,industry_and_mining,x,Pulp Emission Fact Diesel
pulp_emission_fact_fueloil,industry_and_mining,x,Pulp Emission Fact Fueloil
pulp_emission_fact_natural_gas,industry_and_mining,x,Pulp Emission Fact Natural Gas
pulp_emission_fact_pliqgas,industry_and_mining,x,Pulp Emission Fact Pliqgas
pulp_frac_biomass,industry_and_mining,xl,Pulp Frac Biomass
pulp_frac_diesel,industry_and_mining,xl,Pulp Frac Diesel
pulp_frac_electric,industry_and_mining,xl,Pulp Frac Electric
pulp_frac_hydrogen,industry_and_mining,xl,Pulp Frac Hydrogen
pulp_frac_natural_gas,industry_and_mining,xl,Pulp Frac Natural Gas
pulp_frac_solar,industry_and_mining,xl,Pulp Frac Solar
pulp_frac_thermal_solar,industry_and_mining,xl,Pulp Frac Thermal Solar
pulp_heat_biomass,industry_and_mining,xl,Pulp Heat Biomass
pulp_heat_coal,industry_and_mining,xl,Pulp Heat Coal
pulp_heat_diesel,industry_and_mining,xl,Pulp Heat Diesel
pulp_heat_electric,industry_and_mining,xl,Pulp Heat Electric
pulp_heat_fuel_oil,industry_and_mining,xl,Pulp Heat Fuel Oil
pulp_heat_hydrogen,industry_and_mining,xl,Pulp Heat Hydrogen
pulp_heat_natural_gas,industry_and_mining,xl,Pulp Heat Natural Gas
pulp_heat_pliqgas,industry_and_mining,xl,Pulp Heat Pliqgas
pulp_heat_solar,industry_and_mining,xl,Pulp Heat Solar
pulp_intensity,industry_and_mining,x,Pulp Intensity
pulp_motor_diesel,industry_and_mining,xl,Pulp Motor Diesel
pulp_motor_electric,industry_and_mining,xl,Pulp Motor Electric
pulp_motor_hydrogen,industry_and_mining,xl,Pulp Motor Hydrogen
pulp_motor_pliqgas,industry_and_mining,xl,Pulp Motor Pliqgas
pulp_other_electric,industry_and_mining,x,Pulp Other Electric
pulp_plant_factor_sst,industry_and_mining,x,Pulp Plant Factor Sst
pulp_production,industry_and_mining,x,Pulp Production
pulp_share_heat,industry_and_mining,x,Pulp Share Heat
pulp_share_motor,industry_and_mining,x,Pulp Share Motor
pulp_share_other,industry_and_mining,x,Pulp Share Other
saltpeter_emission_fact_coal,industry_and_mining,x,Saltpeter Emission Fact Coal
saltpeter_emission_fact_diesel,industry_and_mining,x,Saltpeter Emission Fact Diesel
saltpeter_emission_fact_natural_gas,industry_and_mining,x,Saltpeter Emission Fact Natural Gas
saltpeter_frac_biomass,industry_and_mining,xl,Saltpeter Frac Biomass
saltpeter_frac_coal,industry_and_mining,xl,Saltpeter Frac Coal
saltpeter_frac_diesel,industry_and_mining,xl,Saltpeter Frac Diesel
saltpeter_frac_electric,industry_and_mining,xl,Saltpeter Frac Electric
saltpeter_frac_hydrogen,industry_and_mining,xl,Saltpeter Frac Hydrogen
saltpeter_frac_natural_gas,industry_and_mining,xl,Saltpeter Frac Natural Gas
saltpeter_frac_solar,industry_and_mining,xl,Saltpeter Frac Solar
saltpeter_frac_thermal_solar,industry_and_mining,xl,Saltpeter Frac Thermal Solar
saltpeter_intensity,industry_and_mining,x,Saltpeter Intensity
saltpeter_production,industry_and_mining,x,Saltpeter Production
steel_activity_heat,industry_and_mining,x,Steel Activity Heat
steel_activity_motor,industry_and_mining,x,Steel Activity Motor
steel_activity_other,industry_and_mining,x,Steel Activity Other
steel_efficiency_heat_biomass,industry_and_mining,x,Steel Efficiency Heat Biomass
steel_efficiency_heat_coal,industry_and_mining,x,Steel Efficiency Heat Coal
steel_efficiency_heat_coke,industry_and_mining,x,Steel Efficiency Heat Coke
steel_efficiency_heat_diesel,industry_and_mining,x,Steel Efficiency Heat Diesel
steel_efficiency_heat_electric,industry_and_mining,x,Steel Efficiency Heat Electric
steel_efficiency_heat_fuel_oil,industry_and_mining,x,Steel Efficiency Heat Fuel Oil
steel_efficiency_heat_hydrogen,industry_and_mining,x,Steel Efficiency Heat Hydrogen
steel_efficiency_heat_natural_gas,industry_and_mining,x,Steel Efficiency Heat Natural Gas
steel_efficiency_heat_pliqgas,industry_and_mining,x,Steel Efficiency Heat Pliqgas
steel_efficiency_heat_solar,industry_and_mining,x,Steel Efficiency Heat Solar
steel_efficiency_motor_diesel,industry_and_mining,x,Steel Efficiency Motor Diesel
steel_efficiency_motor_electric,industry_and_mining,x,Steel Efficiency Motor Electric
steel_efficiency_motor_hydrogen,industry_and_mining,x,Steel Efficiency Motor Hydrogen
steel_efficiency_motor_pliqgas,industry_and_mining,x,Steel Efficiency Motor Pliqgas
steel_efficiency_other_electric,industry_and_mining,x,Steel Efficiency Other Electric
steel_emission_fact_coal,industry_and_mining,x,Steel Emission Fact Coal
steel_emission_fact_coke,industry_and_mining,x,Steel Emission Fact Coke
steel_emission_fact_diesel,industry_and_mining,x,Steel Emission Fact Diesel
steel_emission_fact_fueloil,industry_and_mining,x,Steel Emission Fact Fueloil
steel_emission_fact_natural_gas,industry_and_mining,x,Steel Emission Fact Natural Gas
steel_emission_fact_pliqgas,industry_and_mining,x,Steel Emission Fact Pliqgas
steel_heat_biomass,industry_and_mining,xl,Steel Heat Biomass
steel_heat_coal,industry_and_mining,xl,Steel Heat Coal
steel_heat_coke,industry_and_mining,xl,Steel Heat Coke
steel_heat_diesel,industry_and_mining,xl,Steel Heat Diesel
steel_heat_electric,industry_and_mining,xl,Steel Heat Electric
steel_heat_fuel_oil,industry_and_mining,xl,Steel Heat Fuel Oil
steel_heat_hydrogen,industry_and_mining,xl,Steel Heat Hydrogen
steel_heat_natural_gas,industry_and_mining,xl,Steel Heat Natural Gas
steel_heat_pliqgas,industry_and_mining,xl,Steel Heat Pliqgas
steel_heat_solar,industry_and_mining,xl,Steel Heat Solar
steel_intensity,industry_and_mining,x,Steel Intensity
steel_intensity_reference,industry_and_mining,x,Steel Intensity Reference
steel_investment_efficiency_improvement,industry_and_mining,xl,Steel Investment Efficiency Improvement
steel_motor_diesel,industry_and_mining,xl,Steel Motor Diesel
steel_motor_electric,industry_and_mining,xl,Steel Motor Electric
steel_motor_hydrogen,industry_and_mining,xl,Steel Motor Hydrogen
steel_motor_pliqgas,industry_and_mining,xl,Steel Motor Pliqgas
steel_other_electric,industry_and_mining,x,Steel Other Electric
steel_plant_factor_sst,industry_and_mining,x,Steel Plant Factor Sst
steel_production,industry_and_mining,x,Steel Production
steel_share_heat,industry_and_mining,x,Steel Share Heat
steel_share_motor,industry_and_mining,x,Steel Share Motor
steel_share_other,industry_and_mining,x,Steel Share Other
sugar_emission_fact_coal,industry_and_mining,x,Sugar Emission Fact Coal
sugar_emission_fact_diesel,industry_and_mining,x,Sugar Emission Fact Diesel
sugar_emission_fact_natural_gas,industry_and_mining,x,Sugar Emission Fact Natural Gas
sugar_frac_biomass,industry_and_mining,xl,Sugar Frac Biomass
sugar_frac_coal,industry_and_mining,xl,Sugar Frac Coal
sugar_frac_diesel,industry_and_mining,xl,Sugar Frac Diesel
sugar_frac_electric,industry_and_mining,xl,Sugar Frac Electric
sugar_frac_hydrogen,industry_and_mining,xl,Sugar Frac Hydrogen
sugar_frac_natural_gas,industry_and_mining,xl,Sugar Frac Natural Gas
sugar_frac_solar,industry_and_mining,xl,Sugar Frac Solar
sugar_frac_thermal_solar,industry_and_mining,xl,Sugar Frac Thermal Solar
sugar_intensity,industry_and_mining,x,Sugar Intensity
sugar_production,industry_and_mining,x,Sugar Production
trajgroup_1-lhs,industry_and_mining,xl,% Towards Optimistic - Copper Heat Energy
trajgroup_2-lhs,industry_and_mining,xl,% Towards Optimistic - Open Pit Mine Energy
trajgroup_3-lhs,industry_and_mining,xl,% Towards Optimistic - Other Industries Heat Energy
trajmix_copper_production,industry_and_mining,x,Copper Production
trajmix_iron_production,industry_and_mining,x,Iron Production
trajmix_pulp_production,industry_and_mining,x,Pulp Production
public_emission_fact_kerosene,public,x,Public Emission Fact Kerosene
public_emission_fact_natural_gas,public,x,Public Emission Fact Natural Gas
public_emission_fact_pliqgas,public,x,Public Emission Fact Pliqgas
public_frac_biomass,public,xl,Public Frac Biomass
public_frac_diesel,public,xl,Public Frac Diesel
public_frac_electric,public,xl,Public Frac Electric
public_frac_kerosene,public,xl,Public Frac Kerosene
public_frac_natural_gas,public,xl,Public Frac Natural Gas
public_frac_pliqgas,public,xl,Public Frac Pliqgas
public_frac_solar,public,xl,Public Frac Solar
public_intensity,public,x,Public Intensity
residential_activity_acs,residential,x,Residential Activity Acs
residential_activity_cooking,residential,x,Residential Activity Cooking
residential_activity_electric_appliance,residential,x,Residential Activity Electric Appliance
residential_activity_heating,residential,x,Residential Activity Heating
residential_apartment_acs_biomass,residential,xl,Residential Apartment Acs Biomass
residential_apartment_acs_hydrogen,residential,xl,Residential Apartment Acs Hydrogen
residential_apartment_acs_kerosene,residential,xl,Residential Apartment Acs Kerosene
residential_apartment_cooking_biomass,residential,xl,Residential Apartment Cooking Biomass
residential_apartment_cooking_electric,residential,xl,Residential Apartment Cooking Electric
residential_apartment_cooking_hydrogen,residential,xl,Residential Apartment Cooking Hydrogen
residential_apartment_cooking_kerosene,residential,xl,Residential Apartment Cooking Kerosene
residential_apartment_cooking_natural_gas,residential,xl,Residential Apartment Cooking Natural Gas
residential_apartment_cooking_pliqgas,residential,xl,Residential Apartment Cooking Pliqgas
residential_apartment_cooking_solar,residential,xl,Residential Apartment Cooking Solar
residential_apartment_heating_biomass,residential,xl,Residential Apartment Heating Biomass
residential_apartment_heating_electric,residential,xl,Residential Apartment Heating Electric
residential_apartment_heating_hydrogen,residential,xl,Residential Apartment Heating Hydrogen
residential_apartment_heating_kerosene,residential,xl,Residential Apartment Heating Kerosene
residential_apartment_heating_natural_gas,residential,xl,Residential Apartment Heating Natural Gas
residential_apartment_heating_pliqgas,residential,xl,Residential Apartment Heating Pliqgas
residential_apartment_heating_solar,residential,xl,Residential Apartment Heating Solar
residential_apartment_intensity_acs,residential,x,Residential Apartment Intensity Acs
residential_apartment_intensity_cooking,residential,x,Residential Apartment Intensity Cooking
residential_apartment_intensity_electric_appliance,residential,x,Residential Apartment Intensity Electric Appliance
residential_apartment_intensity_heating,residential,x,Residential Apartment Intensity Heating
residential_efficiency_acs_biomass,residential,x,Residential Efficiency Acs Biomass
residential_efficiency_acs_electric,residential,x,Residential Efficiency Acs Electric
residential_efficiency_acs_hydrogen,residential,x,Residential Efficiency Acs Hydrogen
residential_efficiency_acs_kerosene,residential,x,Residential Efficiency Acs Kerosene
residential_efficiency_acs_natural_gas,residential,x,Residential Efficiency Acs Natural Gas
residential_efficiency_acs_pliqgas,residential,x,Residential Efficiency Acs Pliqgas
residential_efficiency_acs_solar,residential,x,Residential Efficiency Acs Solar
residential_efficiency_cooking_biomass,residential,x,Residential Efficiency Cooking Biomass
residential_efficiency_cooking_electric,residential,x,Residential Efficiency Cooking Electric
residential_efficiency_cooking_hydrogen,residential,x,Residential Efficiency Cooking Hydrogen
residential_efficiency_cooking_kerosene,residential,x,Residential Efficiency Cooking Kerosene
residential_efficiency_cooking_natural_gas,residential,x,Residential Efficiency Cooking Natural Gas
residential_efficiency_cooking_pliqgas,residential,x,Residential Efficiency Cooking Pliqgas
residential_efficiency_cooking_solar,residential,x,Residential Efficiency Cooking Solar
residential_efficiency_electric_appliance,residential,x,Residential Efficiency Electric Appliance
residential_efficiency_heating_biomass,residential,x,Residential Efficiency Heating Biomass
residential_efficiency_heating_electric,residential,x,Residential Efficiency Heating Electric
residential_efficiency_heating_hydrogen,residential,x,Residential Efficiency Heating Hydrogen
residential_efficiency_heating_kerosene,residential,x,Residential Efficiency Heating Kerosene
residential_efficiency_heating_natural_gas,residential,x,Residential Efficiency Heating Natural Gas
residential_efficiency_heating_pliqgas,residential,x,Residential Efficiency Heating Pliqgas
residential_efficiency_heating_solar,residential,x,Residential Efficiency Heating Solar
residential_emission_fact_kerosene,residential,x,Residential Emission Fact Kerosene
residential_emission_fact_natural_gas,residential,x,Residential Emission Fact Natural Gas
residential_emission_fact_pliqgas,residential,x,Residential Emission Fact Pliqgas
residential_frac_biomass,residential,xl,Residential Frac Biomass
residential_frac_electric,residential,xl,Residential Frac Electric
residential_frac_hydrogen,residential,xl,Residential Frac Hydrogen
residential_frac_kerosene,residential,xl,Residential Frac Kerosene
residential_frac_natural_gas,residential,xl,Residential Frac Natural Gas
residential_frac_pliqgas,residential,xl,Residential Frac Pliqgas
residential_frac_solar,residential,xl,Residential Frac Solar
residential_fuel_price_biomass,residential,x,Residential Fuel Price Biomass
residential_fuel_price_electric,residential,x,Residential Fuel Price Electric
residential_fuel_price_hydrogen,residential,x,Residential Fuel Price Hydrogen
residential_fuel_price_kerosene,residential,x,Residential Fuel Price Kerosene
residential_fuel_price_natural_gas,residential,x,Residential Fuel Price Natural Gas
residential_fuel_price_pliqgas,residential,x,Residential Fuel Price Pliqgas
residential_fuel_price_solar,residential,x,Residential Fuel Price Solar
residential_house_acs_biomass,residential,xl,Residential House Acs Biomass
residential_house_acs_hydrogen,residential,xl,Residential House Acs Hydrogen
residential_house_acs_kerosene,residential,xl,Residential House Acs Kerosene
residential_house_cooking_biomass,residential,xl,Residential House Cooking Biomass
residential_house_cooking_electric,residential,xl,Residential House Cooking Electric
residential_house_cooking_hydrogen,residential,xl,Residential House Cooking Hydrogen
residential_house_cooking_kerosene,residential,xl,Residential House Cooking Kerosene
residential_house_cooking_natural_gas,residential,xl,Residential House Cooking Natural Gas
residential_house_cooking_pliqgas,residential,xl,Residential House Cooking Pliqgas
residential_house_cooking_solar,residential,xl,Residential House Cooking Solar
residential_house_heating_biomass,residential,xl,Residential House Heating Biomass
residential_house_heating_electric,residential,xl,Residential House Heating Electric
residential_house_heating_hydrogen,residential,xl,Residential House Heating Hydrogen
residential_house_heating_kerosene,residential,xl,Residential House Heating Kerosene
residential_house_heating_natural_gas,residential,xl,Residential House Heating Natural Gas
residential_house_heating_pliqgas,residential,xl,Residential House Heating Pliqgas
residential_house_heating_solar,residential,xl,Residential House Heating Solar
residential_house_intensity_acs,residential,x,Residential House Intensity Acs
residential_house_intensity_cooking,residential,x,Residential House Intensity Cooking
residential_house_intensity_electric_appliance,residential,x,Residential House Intensity Electric Appliance
residential_house_intensity_heating,residential,x,Residential House Intensity Heating
residential_intensity,residential,x,Residential Intensity
residential_investment_cost_acs_biomass,residential,x,Residential Investment Cost Acs Biomass
residential_investment_cost_acs_electric,residential,x,Residential Investment Cost Acs Electric
residential_investment_cost_acs_hydrogen,residential,x,Residential Investment Cost Acs Hydrogen
residential_investment_cost_acs_kerosene,residential,x,Residential Investment Cost Acs Kerosene
residential_investment_cost_acs_natural_gas,residential,x,Residential Investment Cost Acs Natural Gas
residential_investment_cost_acs_pliqgas,residential,x,Residential Investment Cost Acs Pliqgas
residential_investment_cost_acs_solar,residential,x,Residential Investment Cost Acs Solar
residential_investment_cost_cooking_biomass,residential,x,Residential Investment Cost Cooking Biomass
residential_investment_cost_cooking_electric,residential,x,Residential Investment Cost Cooking Electric
residential_investment_cost_cooking_hydrogen,residential,x,Residential Investment Cost Cooking Hydrogen
residential_investment_cost_cooking_kerosene,residential,x,Residential Investment Cost Cooking Kerosene
residential_investment_cost_cooking_natural_gas,residential,x,Residential Investment Cost Cooking Natural Gas
residential_investment_cost_cooking_pliqgas,residential,x,Residential Investment Cost Cooking Pliqgas
residential_investment_cost_cooking_solar,residential,x,Residential Investment Cost Cooking Solar
residential_investment_cost_electric_appliance,residential,x,Residential Investment Cost Electric Appliance
residential_investment_cost_heating_biomass,residential,x,Residential Investment Cost Heating Biomass
residential_investment_cost_heating_electric,residential,x,Residential Investment Cost Heating Electric
residential_investment_cost_heating_hydrogen,residential,x,Residential Investment Cost Heating Hydrogen
residential_investment_cost_heating_kerosene,residential,x,Residential Investment Cost Heating Kerosene
residential_investment_cost_heating_natural_gas,residential,x,Residential Investment Cost Heating Natural Gas
residential_investment_cost_heating_pliqgas,residential,x,Residential Investment Cost Heating Pliqgas
residential_investment_cost_heating_solar,residential,x,Residential Investment Cost Heating Solar
residential_investment_cost_pv_solar,residential,x,Residential Investment Cost Pv Solar
residential_occ_rate,residential,x,Residential Occ Rate
residential_share_household_apartment,residential,x,Residential Share Household Apartment
residential_share_household_house,residential,x,Residential Share Household House
trajgroup_4-lhs,residential,xl,% Towards Optimistic - Residential Apartment ACS Energy
trajgroup_5-lhs,residential,xl,% Towards Optimistic - Residential House ACS Energy
trajgroup_6-lhs,transport,xl,% Towards Optimistic - Private Transportation Electrification
trajgroup_7-lhs,transport,xl,% Towards Optimistic - Hydrogen Adoption in Trucks
transport_bus_investment_cost_diesel,transport,x,Transport Bus Investment Cost Diesel
transport_bus_investment_cost_electric,transport,x,Transport Bus Investment Cost Electric
transport_bus_veh_km,transport,x,Transport Bus Veh Km
transport_emission_fact_diesel,transport,x,Transport Emission Fact Diesel
transport_emission_fact_fueloil,transport,x,Transport Emission Fact Fueloil
transport_emission_fact_gasoline,transport,x,Transport Emission Fact Gasoline
transport_emission_fact_kerosene_aviation,transport,x,Transport Emission Fact Kerosene Aviation
transport_frac_bus_diesel,transport,xl,Transport Frac Bus Diesel
transport_frac_bus_electric,transport,xl,Transport Frac Bus Electric
transport_frac_private_diesel,transport,xl,Transport Frac Private Diesel
transport_frac_taxi_electric,transport,xl,Transport Frac Taxi Electric
transport_frac_taxi_gasoline,transport,xl,Transport Frac Taxi Gasoline
transport_fuel_price_diesel,transport,x,Transport Fuel Price Diesel
transport_fuel_price_electric,transport,x,Transport Fuel Price Electric
transport_fuel_price_gasoline,transport,x,Transport Fuel Price Gasoline
transport_fuel_price_hydrogen,transport,x,Transport Fuel Price Hydrogen
transport_intensity_aviation_kerosene,transport,x,Transport Intensity Aviation Kerosene
transport_intensity_bus_diesel,transport,x,Transport Intensity Bus Diesel
transport_intensity_bus_electric,transport,x,Transport Intensity Bus Electric
transport_intensity_maritime,transport,x,Transport Intensity Maritime
transport_intensity_pkm_train,transport,x,Transport Intensity Pkm Train
transport_intensity_private_diesel,transport,x,Transport Intensity Private Diesel
transport_intensity_private_electric,transport,x,Transport Intensity Private Electric
transport_intensity_private_gasoline,transport,x,Transport Intensity Private Gasoline
transport_intensity_private_hyb_electric,transport,x,Transport Intensity Private Hyb Electric
transport_intensity_private_hyb_gasoline,transport,x,Transport Intensity Private Hyb Gasoline
transport_intensity_taxi_electric,transport,x,Transport Intensity Taxi Electric
transport_intensity_taxi_gasoline,transport,x,Transport Intensity Taxi Gasoline
transport_intensity_train_electric,transport,x,Transport Intensity Train Electric
transport_intensity_train_freight_diesel,transport,x,Transport Intensity Train Freight Diesel
transport_intensity_truck_diesel,transport,x,Transport Intensity Truck Diesel
transport_intensity_truck_hydrogen,transport,x,Transport Intensity Truck Hydrogen
transport_load_average_freight_train,transport,x,Transport Load Average Freight Train
transport_load_average_truck,transport,x,Transport Load Average Truck
transport_maritime_frac_diesel,transport,x,Transport Maritime Frac Diesel
transport_maritime_frac_fueloil,transport,x,Transport Maritime Frac Fueloil
transport_modal_split_private_to_bus,transport,xl,Transport Modal Split Private To Bus
transport_modal_split_private_to_cycling,transport,xl,Transport Modal Split Private To Cycling
transport_modal_split_private_to_taxi,transport,xl,Transport Modal Split Private To Taxi
transport_modal_split_private_to_telework,transport,xl,Transport Modal Split Private To Telework
transport_modal_split_private_to_train,transport,xl,Transport Modal Split Private To Train
transport_modal_split_truck,transport,xl,Transport Modal Split Truck
transport_modal_split_truck_to_train,transport,xl,Transport Modal Split Truck To Train
transport_occupancy_rate_bus,transport,x,Transport Occupancy Rate Bus
transport_occupancy_rate_private,transport,x,Transport Occupancy Rate Private
transport_occupancy_rate_taxi,transport,x,Transport Occupancy Rate Taxi
transport_occupancy_rate_train,transport,x,Transport Occupancy Rate Train
transport_pkm_aviation,transport,x,Transport Pkm Aviation
transport_private_investment_cost_diesel,transport,x,Transport Private Investment Cost Diesel
transport_private_investment_cost_electric,transport,x,Transport Private Investment Cost Electric
transport_private_investment_cost_gasoline,transport,x,Transport Private Investment Cost Gasoline
transport_private_investment_cost_hyb,transport,x,Transport Private Investment Cost Hyb
transport_saturation_aviation,transport,x,Transport Saturation Aviation
transport_share_diesel_private,transport,x,Transport Share Diesel Private
transport_share_diesel_truck,transport,x,Transport Share Diesel Truck
transport_tkm_freight_train,transport,x,Transport Tkm Freight Train
transport_tkm_maritime,transport,x,Transport Tkm Maritime
transport_train13_pkm,transport,x,Transport Train13 Pkm
transport_train5_pkm,transport,x,Transport Train5 Pkm
transport_train8_pkm,transport,x,Transport Train8 Pkm
transport_trip_distance_private,transport,x,Transport Trip Distance Private
transport_truck_investment_cost_diesel,transport,x,Transport Truck Investment Cost Diesel
transport_truck_investment_cost_hydrogen,transport,x,Transport Truck Investment Cost Hydrogen
