Demanda,Etapa,Participacion
calefaccion_biomasa_RM,1,0.0
calefaccion_electricidad_RM,1,0.0
coccion_electricidad_RM,1,0.08333333333333333
coccion_gas_licuado_RM,1,0.08333333333333333
refrigeracion_RM,1,0.08333333333333333
iluminacion_RM,1,0.08333333333333333
otros_electricos_RM,1,0.08333333333333333
enfriamiento_RM,1,0.08333333333333333
calefaccion_biomasa_RM,2,0.0
calefaccion_electricidad_RM,2,0.0
coccion_electricidad_RM,2,0.08333333333333333
coccion_gas_licuado_RM,2,0.08333333333333333
refrigeracion_RM,2,0.08333333333333333
iluminacion_RM,2,0.08333333333333333
otros_electricos_RM,2,0.08333333333333333
enfriamiento_RM,2,0.08333333333333333
calefaccion_biomasa_RM,3,0.0
calefaccion_electricidad_RM,3,0.0
coccion_electricidad_RM,3,0.08333333333333333
coccion_gas_licuado_RM,3,0.08333333333333333
refrigeracion_RM,3,0.08333333333333333
iluminacion_RM,3,0.08333333333333333
otros_electricos_RM,3,0.08333333333333333
enfriamiento_RM,3,0.08333333333333333
calefaccion_biomasa_RM,4,0.05
calefaccion_electricidad_RM,4,0.05
coccion_electricidad_RM,4,0.08333333333333333
coccion_gas_licuado_RM,4,0.08333333333333333
refrigeracion_RM,4,0.08333333333333333
iluminacion_RM,4,0.08333333333333333
otros_electricos_RM,4,0.08333333333333333
enfriamiento_RM,4,0.08333333333333333
calefaccion_biomasa_RM,5,0.15
calefaccion_electricidad_RM,5,0.15
coccion_electricidad_RM,5,0.08333333333333333
coccion_gas_licuado_RM,5,0.08333333333333333
refrigeracion_RM,5,0.08333333333333333
iluminacion_RM,5,0.08333333333333333
otros_electricos_RM,5,0.08333333333333333
enfriamiento_RM,5,0.08333333333333333
calefaccion_biomasa_RM,6,0.25
calefaccion_electricidad_RM,6,0.25
coccion_electricidad_RM,6,0.08333333333333333
coccion_gas_licuado_RM,6,0.08333333333333333
refrigeracion_RM,6,0.08333333333333333
iluminacion_RM,6,0.08333333333333333
otros_electricos_RM,6,0.08333333333333333
enfriamiento_RM,6,0.08333333333333333
calefaccion_biomasa_RM,7,0.25
calefaccion_electricidad_RM,7,0.25
coccion_electricidad_RM,7,0.08333333333333333
coccion_gas_licuado_RM,7,0.08333333333333333
refrigeracion_RM,7,0.08333333333333333
iluminacion_RM,7,0.08333333333333333
otros_electricos_RM,7,0.08333333333333333
enfriamiento_RM,7,0.08333333333333333
calefaccion_biomasa_RM,8,0.15
calefaccion_electricidad_RM,8,0.15
coccion_electricidad_RM,8,0.08333333333333333
coccion_gas_licuado_RM,8,0.08333333333333333
refrigeracion_RM,8,0.08333333333333333
iluminacion_RM,8,0.08333333333333333
otros_electricos_RM,8,0.08333333333333333
enfriamiento_RM,8,0.08333333333333333
calefaccion_biomasa_RM,9,0.1
calefaccion_electricidad_RM,9,0.1
coccion_electricidad_RM,9,0.08333333333333333
coccion_gas_licuado_RM,9,0.08333333333333333
refrigeracion_RM,9,0.08333333333333333
iluminacion_RM,9,0.08333333333333333
otros_electricos_RM,9,0.08333333333333333
enfriamiento_RM,9,0.08333333333333333
calefaccion_biomasa_RM,10,0.05
calefaccion_electricidad_RM,10,0.05
coccion_electricidad_RM,10,0.08333333333333333
coccion_gas_licuado_RM,10,0.08333333333333333
refrigeracion_RM,10,0.08333333333333333
iluminacion_RM,10,0.08333333333333333
otros_electricos_RM,10,0.08333333333333333
enfriamiento_RM,10,0.08333333333333333
calefaccion_biomasa_RM,11,0.0
calefaccion_electricidad_RM,11,0.0
coccion_electricidad_RM,11,0.08333333333333333
coccion_gas_licuado_RM,11,0.08333333333333333
refrigeracion_RM,11,0.08333333333333333
iluminacion_RM,11,0.08333333333333333
otros_electricos_RM,11,0.08333333333333333
enfriamiento_RM,11,0.08333333333333333
calefaccion_biomasa_RM,12,0.0
calefaccion_electricidad_RM,12,0.0
coccion_electricidad_RM,12,0.08333333333333333
coccion_gas_licuado_RM,12,0.08333333333333333
refrigeracion_RM,12,0.08333333333333333
iluminacion_RM,12,0.08333333333333333
otros_electricos_RM,12,0.08333333333333333
enfriamiento_RM,12,0.08333333333333333
calefaccion_biomasa_XV,1,0.0
calefaccion_electricidad_XV,1,0.0
coccion_electricidad_XV,1,0.08333333333333333
coccion_gas_licuado_XV,1,0.08333333333333333
refrigeracion_XV,1,0.08333333333333333
iluminacion_XV,1,0.08333333333333333
otros_electricos_XV,1,0.08333333333333333
enfriamiento_XV,1,0.08333333333333333
calefaccion_biomasa_XV,2,0.0
calefaccion_electricidad_XV,2,0.0
coccion_electricidad_XV,2,0.08333333333333333
coccion_gas_licuado_XV,2,0.08333333333333333
refrigeracion_XV,2,0.08333333333333333
iluminacion_XV,2,0.08333333333333333
otros_electricos_XV,2,0.08333333333333333
enfriamiento_XV,2,0.08333333333333333
calefaccion_biomasa_XV,3,0.0
calefaccion_electricidad_XV,3,0.0
coccion_electricidad_XV,3,0.08333333333333333
coccion_gas_licuado_XV,3,0.08333333333333333
refrigeracion_XV,3,0.08333333333333333
iluminacion_XV,3,0.08333333333333333
otros_electricos_XV,3,0.08333333333333333
enfriamiento_XV,3,0.08333333333333333
calefaccion_biomasa_XV,4,0.05
calefaccion_electricidad_XV,4,0.05
coccion_electricidad_XV,4,0.08333333333333333
coccion_gas_licuado_XV,4,0.08333333333333333
refrigeracion_XV,4,0.08333333333333333
iluminacion_XV,4,0.08333333333333333
otros_electricos_XV,4,0.08333333333333333
enfriamiento_XV,4,0.08333333333333333
calefaccion_biomasa_XV,5,0.15
calefaccion_electricidad_XV,5,0.15
coccion_electricidad_XV,5,0.08333333333333333
coccion_gas_licuado_XV,5,0.08333333333333333
refrigeracion_XV,5,0.08333333333333333
iluminacion_XV,5,0.08333333333333333
otros_electricos_XV,5,0.08333333333333333
enfriamiento_XV,5,0.08333333333333333
calefaccion_biomasa_XV,6,0.25
calefaccion_electricidad_XV,6,0.25
coccion_electricidad_XV,6,0.08333333333333333
coccion_gas_licuado_XV,6,0.08333333333333333
refrigeracion_XV,6,0.08333333333333333
iluminacion_XV,6,0.08333333333333333
otros_electricos_XV,6,0.08333333333333333
enfriamiento_XV,6,0.08333333333333333
calefaccion_biomasa_XV,7,0.25
calefaccion_electricidad_XV,7,0.25
coccion_electricidad_XV,7,0.08333333333333333
coccion_gas_licuado_XV,7,0.08333333333333333
refrigeracion_XV,7,0.08333333333333333
iluminacion_XV,7,0.08333333333333333
otros_electricos_XV,7,0.08333333333333333
enfriamiento_XV,7,0.08333333333333333
calefaccion_biomasa_XV,8,0.15
calefaccion_electricidad_XV,8,0.15
coccion_electricidad_XV,8,0.08333333333333333
coccion_gas_licuado_XV,8,0.08333333333333333
refrigeracion_XV,8,0.08333333333333333
iluminacion_XV,8,0.08333333333333333
otros_electricos_XV,8,0.08333333333333333
enfriamiento_XV,8,0.08333333333333333
calefaccion_biomasa_XV,9,0.1
calefaccion_electricidad_XV,9,0.1
coccion_electricidad_XV,9,0.08333333333333333
coccion_gas_licuado_XV,9,0.08333333333333333
refrigeracion_XV,9,0.08333333333333333
iluminacion_XV,9,0.08333333333333333
otros_electricos_XV,9,0.08333333333333333
enfriamiento_XV,9,0.08333333333333333
calefaccion_biomasa_XV,10,0.05
calefaccion_electricidad_XV,10,0.05
coccion_electricidad_XV,10,0.08333333333333333
coccion_gas_licuado_XV,10,0.08333333333333333
refrigeracion_XV,10,0.08333333333333333
iluminacion_XV,10,0.08333333333333333
otros_electricos_XV,10,0.08333333333333333
enfriamiento_XV,10,0.08333333333333333
calefaccion_biomasa_XV,11,0.0
calefaccion_electricidad_XV,11,0.0
coccion_electricidad_XV,11,0.08333333333333333
coccion_gas_licuado_XV,11,0.08333333333333333
refrigeracion_XV,11,0.08333333333333333
iluminacion_XV,11,0.08333333333333333
otros_electricos_XV,11,0.08333333333333333
enfriamiento_XV,11,0.08333333333333333
calefaccion_biomasa_XV,12,0.0
calefaccion_electricidad_XV,12,0.0
coccion_electricidad_XV,12,0.08333333333333333
coccion_gas_licuado_XV,12,0.08333333333333333
refrigeracion_XV,12,0.08333333333333333
iluminacion_XV,12,0.08333333333333333
otros_electricos_XV,12,0.08333333333333333
enfriamiento_XV,12,0.08333333333333333
calefaccion_biomasa_I,1,0.0
calefaccion_electricidad_I,1,0.0
coccion_electricidad_I,1,0.08333333333333333
coccion_gas_licuado_I,1,0.08333333333333333
refrigeracion_I,1,0.08333333333333333
iluminacion_I,1,0.08333333333333333
otros_electricos_I,1,0.08333333333333333
enfriamiento_I,1,0.08333333333333333
calefaccion_biomasa_I,2,0.0
calefaccion_electricidad_I,2,0.0
coccion_electricidad_I,2,0.08333333333333333
coccion_gas_licuado_I,2,0.08333333333333333
refrigeracion_I,2,0.08333333333333333
iluminacion_I,2,0.08333333333333333
otros_electricos_I,2,0.08333333333333333
enfriamiento_I,2,0.08333333333333333
calefaccion_biomasa_I,3,0.0
calefaccion_electricidad_I,3,0.0
coccion_electricidad_I,3,0.08333333333333333
coccion_gas_licuado_I,3,0.08333333333333333
refrigeracion_I,3,0.08333333333333333
iluminacion_I,3,0.08333333333333333
otros_electricos_I,3,0.08333333333333333
enfriamiento_I,3,0.08333333333333333
calefaccion_biomasa_I,4,0.05
calefaccion_electricidad_I,4,0.05
coccion_electricidad_I,4,0.08333333333333333
coccion_gas_licuado_I,4,0.08333333333333333
refrigeracion_I,4,0.08333333333333333
iluminacion_I,4,0.08333333333333333
otros_electricos_I,4,0.08333333333333333
enfriamiento_I,4,0.08333333333333333
calefaccion_biomasa_I,5,0.15
calefaccion_electricidad_I,5,0.15
coccion_electricidad_I,5,0.08333333333333333
coccion_gas_licuado_I,5,0.08333333333333333
refrigeracion_I,5,0.08333333333333333
iluminacion_I,5,0.08333333333333333
otros_electricos_I,5,0.08333333333333333
enfriamiento_I,5,0.08333333333333333
calefaccion_biomasa_I,6,0.25
calefaccion_electricidad_I,6,0.25
coccion_electricidad_I,6,0.08333333333333333
coccion_gas_licuado_I,6,0.08333333333333333
refrigeracion_I,6,0.08333333333333333
iluminacion_I,6,0.08333333333333333
otros_electricos_I,6,0.08333333333333333
enfriamiento_I,6,0.08333333333333333
calefaccion_biomasa_I,7,0.25
calefaccion_electricidad_I,7,0.25
coccion_electricidad_I,7,0.08333333333333333
coccion_gas_licuado_I,7,0.08333333333333333
refrigeracion_I,7,0.08333333333333333
iluminacion_I,7,0.08333333333333333
otros_electricos_I,7,0.08333333333333333
enfriamiento_I,7,0.08333333333333333
calefaccion_biomasa_I,8,0.15
calefaccion_electricidad_I,8,0.15
coccion_electricidad_I,8,0.08333333333333333
coccion_gas_licuado_I,8,0.08333333333333333
refrigeracion_I,8,0.08333333333333333
iluminacion_I,8,0.08333333333333333
otros_electricos_I,8,0.08333333333333333
enfriamiento_I,8,0.08333333333333333
calefaccion_biomasa_I,9,0.1
calefaccion_electricidad_I,9,0.1
coccion_electricidad_I,9,0.08333333333333333
coccion_gas_licuado_I,9,0.08333333333333333
refrigeracion_I,9,0.08333333333333333
iluminacion_I,9,0.08333333333333333
otros_electricos_I,9,0.08333333333333333
enfriamiento_I,9,0.08333333333333333
calefaccion_biomasa_I,10,0.05
calefaccion_electricidad_I,10,0.05
coccion_electricidad_I,10,0.08333333333333333
coccion_gas_licuado_I,10,0.08333333333333333
refrigeracion_I,10,0.08333333333333333
iluminacion_I,10,0.08333333333333333
otros_electricos_I,10,0.08333333333333333
enfriamiento_I,10,0.08333333333333333
calefaccion_biomasa_I,11,0.0
calefaccion_electricidad_I,11,0.0
coccion_electricidad_I,11,0.08333333333333333
coccion_gas_licuado_I,11,0.08333333333333333
refrigeracion_I,11,0.08333333333333333
iluminacion_I,11,0.08333333333333333
otros_electricos_I,11,0.08333333333333333
enfriamiento_I,11,0.08333333333333333
calefaccion_biomasa_I,12,0.0
calefaccion_electricidad_I,12,0.0
coccion_electricidad_I,12,0.08333333333333333
coccion_gas_licuado_I,12,0.08333333333333333
refrigeracion_I,12,0.08333333333333333
iluminacion_I,12,0.08333333333333333
otros_electricos_I,12,0.08333333333333333
enfriamiento_I,12,0.08333333333333333
calefaccion_biomasa_II,1,0.0
calefaccion_electricidad_II,1,0.0
coccion_electricidad_II,1,0.08333333333333333
coccion_gas_licuado_II,1,0.08333333333333333
refrigeracion_II,1,0.08333333333333333
iluminacion_II,1,0.08333333333333333
otros_electricos_II,1,0.08333333333333333
enfriamiento_II,1,0.08333333333333333
calefaccion_biomasa_II,2,0.0
calefaccion_electricidad_II,2,0.0
coccion_electricidad_II,2,0.08333333333333333
coccion_gas_licuado_II,2,0.08333333333333333
refrigeracion_II,2,0.08333333333333333
iluminacion_II,2,0.08333333333333333
otros_electricos_II,2,0.08333333333333333
enfriamiento_II,2,0.08333333333333333
calefaccion_biomasa_II,3,0.0
calefaccion_electricidad_II,3,0.0
coccion_electricidad_II,3,0.08333333333333333
coccion_gas_licuado_II,3,0.08333333333333333
refrigeracion_II,3,0.08333333333333333
iluminacion_II,3,0.08333333333333333
otros_electricos_II,3,0.08333333333333333
enfriamiento_II,3,0.08333333333333333
calefaccion_biomasa_II,4,0.05
calefaccion_electricidad_II,4,0.05
coccion_electricidad_II,4,0.08333333333333333
coccion_gas_licuado_II,4,0.08333333333333333
refrigeracion_II,4,0.08333333333333333
iluminacion_II,4,0.08333333333333333
otros_electricos_II,4,0.08333333333333333
enfriamiento_II,4,0.08333333333333333
calefaccion_biomasa_II,5,0.15
calefaccion_electricidad_II,5,0.15
coccion_electricidad_II,5,0.08333333333333333
coccion_gas_licuado_II,5,0.08333333333333333
refrigeracion_II,5,0.08333333333333333
iluminacion_II,5,0.08333333333333333
otros_electricos_II,5,0.08333333333333333
enfriamiento_II,5,0.08333333333333333
calefaccion_biomasa_II,6,0.25
calefaccion_electricidad_II,6,0.25
coccion_electricidad_II,6,0.08333333333333333
coccion_gas_licuado_II,6,0.08333333333333333
refrigeracion_II,6,0.08333333333333333
iluminacion_II,6,0.08333333333333333
otros_electricos_II,6,0.08333333333333333
enfriamiento_II,6,0.08333333333333333
calefaccion_biomasa_II,7,0.25
calefaccion_electricidad_II,7,0.25
coccion_electricidad_II,7,0.08333333333333333
coccion_gas_licuado_II,7,0.08333333333333333
refrigeracion_II,7,0.08333333333333333
iluminacion_II,7,0.08333333333333333
otros_electricos_II,7,0.08333333333333333
enfriamiento_II,7,0.08333333333333333
calefaccion_biomasa_II,8,0.15
calefaccion_electricidad_II,8,0.15
coccion_electricidad_II,8,0.08333333333333333
coccion_gas_licuado_II,8,0.08333333333333333
refrigeracion_II,8,0.08333333333333333
iluminacion_II,8,0.08333333333333333
otros_electricos_II,8,0.08333333333333333
enfriamiento_II,8,0.08333333333333333
calefaccion_biomasa_II,9,0.1
calefaccion_electricidad_II,9,0.1
coccion_electricidad_II,9,0.08333333333333333
coccion_gas_licuado_II,9,0.08333333333333333
refrigeracion_II,9,0.08333333333333333
iluminacion_II,9,0.08333333333333333
otros_electricos_II,9,0.08333333333333333
enfriamiento_II,9,0.08333333333333333
calefaccion_biomasa_II,10,0.05
calefaccion_electricidad_II,10,0.05
coccion_electricidad_II,10,0.08333333333333333
coccion_gas_licuado_II,10,0.08333333333333333
refrigeracion_II,10,0.08333333333333333
iluminacion_II,10,0.08333333333333333
otros_electricos_II,10,0.08333333333333333
enfriamiento_II,10,0.08333333333333333
calefaccion_biomasa_II,11,0.0
calefaccion_electricidad_II,11,0.0
coccion_electricidad_II,11,0.08333333333333333
coccion_gas_licuado_II,11,0.08333333333333333
refrigeracion_II,11,0.08333333333333333
iluminacion_II,11,0.08333333333333333
otros_electricos_II,11,0.08333333333333333
enfriamiento_II,11,0.08333333333333333
calefaccion_biomasa_II,12,0.0
calefaccion_electricidad_II,12,0.0
coccion_electricidad_II,12,0.08333333333333333
coccion_gas_licuado_II,12,0.08333333333333333
refrigeracion_II,12,0.08333333333333333
iluminacion_II,12,0.08333333333333333
otros_electricos_II,12,0.08333333333333333
enfriamiento_II,12,0.08333333333333333
calefaccion_biomasa_III,1,0.0
calefaccion_electricidad_III,1,0.0
coccion_electricidad_III,1,0.08333333333333333
coccion_gas_licuado_III,1,0.08333333333333333
refrigeracion_III,1,0.08333333333333333
iluminacion_III,1,0.08333333333333333
otros_electricos_III,1,0.08333333333333333
enfriamiento_III,1,0.08333333333333333
calefaccion_biomasa_III,2,0.0
calefaccion_electricidad_III,2,0.0
coccion_electricidad_III,2,0.08333333333333333
coccion_gas_licuado_III,2,0.08333333333333333
refrigeracion_III,2,0.08333333333333333
iluminacion_III,2,0.08333333333333333
otros_electricos_III,2,0.08333333333333333
enfriamiento_III,2,0.08333333333333333
calefaccion_biomasa_III,3,0.0
calefaccion_electricidad_III,3,0.0
coccion_electricidad_III,3,0.08333333333333333
coccion_gas_licuado_III,3,0.08333333333333333
refrigeracion_III,3,0.08333333333333333
iluminacion_III,3,0.08333333333333333
otros_electricos_III,3,0.08333333333333333
enfriamiento_III,3,0.08333333333333333
calefaccion_biomasa_III,4,0.05
calefaccion_electricidad_III,4,0.05
coccion_electricidad_III,4,0.08333333333333333
coccion_gas_licuado_III,4,0.08333333333333333
refrigeracion_III,4,0.08333333333333333
iluminacion_III,4,0.08333333333333333
otros_electricos_III,4,0.08333333333333333
enfriamiento_III,4,0.08333333333333333
calefaccion_biomasa_III,5,0.15
calefaccion_electricidad_III,5,0.15
coccion_electricidad_III,5,0.08333333333333333
coccion_gas_licuado_III,5,0.08333333333333333
refrigeracion_III,5,0.08333333333333333
iluminacion_III,5,0.08333333333333333
otros_electricos_III,5,0.08333333333333333
enfriamiento_III,5,0.08333333333333333
calefaccion_biomasa_III,6,0.25
calefaccion_electricidad_III,6,0.25
coccion_electricidad_III,6,0.08333333333333333
coccion_gas_licuado_III,6,0.08333333333333333
refrigeracion_III,6,0.08333333333333333
iluminacion_III,6,0.08333333333333333
otros_electricos_III,6,0.08333333333333333
enfriamiento_III,6,0.08333333333333333
calefaccion_biomasa_III,7,0.25
calefaccion_electricidad_III,7,0.25
coccion_electricidad_III,7,0.08333333333333333
coccion_gas_licuado_III,7,0.08333333333333333
refrigeracion_III,7,0.08333333333333333
iluminacion_III,7,0.08333333333333333
otros_electricos_III,7,0.08333333333333333
enfriamiento_III,7,0.08333333333333333
calefaccion_biomasa_III,8,0.15
calefaccion_electricidad_III,8,0.15
coccion_electricidad_III,8,0.08333333333333333
coccion_gas_licuado_III,8,0.08333333333333333
refrigeracion_III,8,0.08333333333333333
iluminacion_III,8,0.08333333333333333
otros_electricos_III,8,0.08333333333333333
enfriamiento_III,8,0.08333333333333333
calefaccion_biomasa_III,9,0.1
calefaccion_electricidad_III,9,0.1
coccion_electricidad_III,9,0.08333333333333333
coccion_gas_licuado_III,9,0.08333333333333333
refrigeracion_III,9,0.08333333333333333
iluminacion_III,9,0.08333333333333333
otros_electricos_III,9,0.08333333333333333
enfriamiento_III,9,0.08333333333333333
calefaccion_biomasa_III,10,0.05
calefaccion_electricidad_III,10,0.05
coccion_electricidad_III,10,0.08333333333333333
coccion_gas_licuado_III,10,0.08333333333333333
refrigeracion_III,10,0.08333333333333333
iluminacion_III,10,0.08333333333333333
otros_electricos_III,10,0.08333333333333333
enfriamiento_III,10,0.08333333333333333
calefaccion_biomasa_III,11,0.0
calefaccion_electricidad_III,11,0.0
coccion_electricidad_III,11,0.08333333333333333
coccion_gas_licuado_III,11,0.08333333333333333
refrigeracion_III,11,0.08333333333333333
iluminacion_III,11,0.08333333333333333
otros_electricos_III,11,0.08333333333333333
enfriamiento_III,11,0.08333333333333333
calefaccion_biomasa_III,12,0.0
calefaccion_electricidad_III,12,0.0
coccion_electricidad_III,12,0.08333333333333333
coccion_gas_licuado_III,12,0.08333333333333333
refrigeracion_III,12,0.08333333333333333
iluminacion_III,12,0.08333333333333333
otros_electricos_III,12,0.08333333333333333
enfriamiento_III,12,0.08333333333333333
calefaccion_biomasa_IV,1,0.0
calefaccion_electricidad_IV,1,0.0
coccion_electricidad_IV,1,0.08333333333333333
coccion_gas_licuado_IV,1,0.08333333333333333
refrigeracion_IV,1,0.08333333333333333
iluminacion_IV,1,0.08333333333333333
otros_electricos_IV,1,0.08333333333333333
enfriamiento_IV,1,0.08333333333333333
calefaccion_biomasa_IV,2,0.0
calefaccion_electricidad_IV,2,0.0
coccion_electricidad_IV,2,0.08333333333333333
coccion_gas_licuado_IV,2,0.08333333333333333
refrigeracion_IV,2,0.08333333333333333
iluminacion_IV,2,0.08333333333333333
otros_electricos_IV,2,0.08333333333333333
enfriamiento_IV,2,0.08333333333333333
calefaccion_biomasa_IV,3,0.0
calefaccion_electricidad_IV,3,0.0
coccion_electricidad_IV,3,0.08333333333333333
coccion_gas_licuado_IV,3,0.08333333333333333
refrigeracion_IV,3,0.08333333333333333
iluminacion_IV,3,0.08333333333333333
otros_electricos_IV,3,0.08333333333333333
enfriamiento_IV,3,0.08333333333333333
calefaccion_biomasa_IV,4,0.05
calefaccion_electricidad_IV,4,0.05
coccion_electricidad_IV,4,0.08333333333333333
coccion_gas_licuado_IV,4,0.08333333333333333
refrigeracion_IV,4,0.08333333333333333
iluminacion_IV,4,0.08333333333333333
otros_electricos_IV,4,0.08333333333333333
enfriamiento_IV,4,0.08333333333333333
calefaccion_biomasa_IV,5,0.15
calefaccion_electricidad_IV,5,0.15
coccion_electricidad_IV,5,0.08333333333333333
coccion_gas_licuado_IV,5,0.08333333333333333
refrigeracion_IV,5,0.08333333333333333
iluminacion_IV,5,0.08333333333333333
otros_electricos_IV,5,0.08333333333333333
enfriamiento_IV,5,0.08333333333333333
calefaccion_biomasa_IV,6,0.25
calefaccion_electricidad_IV,6,0.25
coccion_electricidad_IV,6,0.08333333333333333
coccion_gas_licuado_IV,6,0.08333333333333333
refrigeracion_IV,6,0.08333333333333333
iluminacion_IV,6,0.08333333333333333
otros_electricos_IV,6,0.08333333333333333
enfriamiento_IV,6,0.08333333333333333
calefaccion_biomasa_IV,7,0.25
calefaccion_electricidad_IV,7,0.25
coccion_electricidad_IV,7,0.08333333333333333
coccion_gas_licuado_IV,7,0.08333333333333333
refrigeracion_IV,7,0.08333333333333333
iluminacion_IV,7,0.08333333333333333
otros_electricos_IV,7,0.08333333333333333
enfriamiento_IV,7,0.08333333333333333
calefaccion_biomasa_IV,8,0.15
calefaccion_electricidad_IV,8,0.15
coccion_electricidad_IV,8,0.08333333333333333
coccion_gas_licuado_IV,8,0.08333333333333333
refrigeracion_IV,8,0.08333333333333333
iluminacion_IV,8,0.08333333333333333
otros_electricos_IV,8,0.08333333333333333
enfriamiento_IV,8,0.08333333333333333
calefaccion_biomasa_IV,9,0.1
calefaccion_electricidad_IV,9,0.1
coccion_electricidad_IV,9,0.08333333333333333
coccion_gas_licuado_IV,9,0.08333333333333333
refrigeracion_IV,9,0.08333333333333333
iluminacion_IV,9,0.08333333333333333
otros_electricos_IV,9,0.08333333333333333
enfriamiento_IV,9,0.08333333333333333
calefaccion_biomasa_IV,10,0.05
calefaccion_electricidad_IV,10,0.05
coccion_electricidad_IV,10,0.08333333333333333
coccion_gas_licuado_IV,10,0.08333333333333333
refrigeracion_IV,10,0.08333333333333333
iluminacion_IV,10,0.08333333333333333
otros_electricos_IV,10,0.08333333333333333
enfriamiento_IV,10,0.08333333333333333
calefaccion_biomasa_IV,11,0.0
calefaccion_electricidad_IV,11,0.0
coccion_electricidad_IV,11,0.08333333333333333
coccion_gas_licuado_IV,11,0.08333333333333333
refrigeracion_IV,11,0.08333333333333333
iluminacion_IV,11,0.08333333333333333
otros_electricos_IV,11,0.08333333333333333
enfriamiento_IV,11,0.08333333333333333
calefaccion_biomasa_IV,12,0.0
calefaccion_electricidad_IV,12,0.0
coccion_electricidad_IV,12,0.08333333333333333
coccion_gas_licuado_IV,12,0.08333333333333333
refrigeracion_IV,12,0.08333333333333333
iluminacion_IV,12,0.08333333333333333
otros_electricos_IV,12,0.08333333333333333
enfriamiento_IV,12,0.08333333333333333
calefaccion_biomasa_V,1,0.0
calefaccion_electricidad_V,1,0.0
coccion_electricidad_V,1,0.08333333333333333
coccion_gas_licuado_V,1,0.08333333333333333
refrigeracion_V,1,0.08333333333333333
iluminacion_V,1,0.08333333333333333
otros_electricos_V,1,0.08333333333333333
enfriamiento_V,1,0.08333333333333333
calefaccion_biomasa_V,2,0.0
calefaccion_electricidad_V,2,0.0
coccion_electricidad_V,2,0.08333333333333333
coccion_gas_licuado_V,2,0.08333333333333333
refrigeracion_V,2,0.08333333333333333
iluminacion_V,2,0.08333333333333333
otros_electricos_V,2,0.08333333333333333
enfriamiento_V,2,0.08333333333333333
calefaccion_biomasa_V,3,0.0
calefaccion_electricidad_V,3,0.0
coccion_electricidad_V,3,0.08333333333333333
coccion_gas_licuado_V,3,0.08333333333333333
refrigeracion_V,3,0.08333333333333333
iluminacion_V,3,0.08333333333333333
otros_electricos_V,3,0.08333333333333333
enfriamiento_V,3,0.08333333333333333
calefaccion_biomasa_V,4,0.05
calefaccion_electricidad_V,4,0.05
coccion_electricidad_V,4,0.08333333333333333
coccion_gas_licuado_V,4,0.08333333333333333
refrigeracion_V,4,0.08333333333333333
iluminacion_V,4,0.08333333333333333
otros_electricos_V,4,0.08333333333333333
enfriamiento_V,4,0.08333333333333333
calefaccion_biomasa_V,5,0.15
calefaccion_electricidad_V,5,0.15
coccion_electricidad_V,5,0.08333333333333333
coccion_gas_licuado_V,5,0.08333333333333333
refrigeracion_V,5,0.08333333333333333
iluminacion_V,5,0.08333333333333333
otros_electricos_V,5,0.08333333333333333
enfriamiento_V,5,0.08333333333333333
calefaccion_biomasa_V,6,0.25
calefaccion_electricidad_V,6,0.25
coccion_electricidad_V,6,0.08333333333333333
coccion_gas_licuado_V,6,0.08333333333333333
refrigeracion_V,6,0.08333333333333333
iluminacion_V,6,0.08333333333333333
otros_electricos_V,6,0.08333333333333333
enfriamiento_V,6,0.08333333333333333
calefaccion_biomasa_V,7,0.25
calefaccion_electricidad_V,7,0.25
coccion_electricidad_V,7,0.08333333333333333
coccion_gas_licuado_V,7,0.08333333333333333
refrigeracion_V,7,0.08333333333333333
iluminacion_V,7,0.08333333333333333
otros_electricos_V,7,0.08333333333333333
enfriamiento_V,7,0.08333333333333333
calefaccion_biomasa_V,8,0.15
calefaccion_electricidad_V,8,0.15
coccion_electricidad_V,8,0.08333333333333333
coccion_gas_licuado_V,8,0.08333333333333333
refrigeracion_V,8,0.08333333333333333
iluminacion_V,8,0.08333333333333333
otros_electricos_V,8,0.08333333333333333
enfriamiento_V,8,0.08333333333333333
calefaccion_biomasa_V,9,0.1
calefaccion_electricidad_V,9,0.1
coccion_electricidad_V,9,0.08333333333333333
coccion_gas_licuado_V,9,0.08333333333333333
refrigeracion_V,9,0.08333333333333333
iluminacion_V,9,0.08333333333333333
otros_electricos_V,9,0.08333333333333333
enfriamiento_V,9,0.08333333333333333
calefaccion_biomasa_V,10,0.05
calefaccion_electricidad_V,10,0.05
coccion_electricidad_V,10,0.08333333333333333
coccion_gas_licuado_V,10,0.08333333333333333
refrigeracion_V,10,0.08333333333333333
iluminacion_V,10,0.08333333333333333
otros_electricos_V,10,0.08333333333333333
enfriamiento_V,10,0.08333333333333333
calefaccion_biomasa_V,11,0.0
calefaccion_electricidad_V,11,0.0
coccion_electricidad_V,11,0.08333333333333333
coccion_gas_licuado_V,11,0.08333333333333333
refrigeracion_V,11,0.08333333333333333
iluminacion_V,11,0.08333333333333333
otros_electricos_V,11,0.08333333333333333
enfriamiento_V,11,0.08333333333333333
calefaccion_biomasa_V,12,0.0
calefaccion_electricidad_V,12,0.0
coccion_electricidad_V,12,0.08333333333333333
coccion_gas_licuado_V,12,0.08333333333333333
refrigeracion_V,12,0.08333333333333333
iluminacion_V,12,0.08333333333333333
otros_electricos_V,12,0.08333333333333333
enfriamiento_V,12,0.08333333333333333
calefaccion_biomasa_VI,1,0.0
calefaccion_electricidad_VI,1,0.0
coccion_electricidad_VI,1,0.08333333333333333
coccion_gas_licuado_VI,1,0.08333333333333333
refrigeracion_VI,1,0.08333333333333333
iluminacion_VI,1,0.08333333333333333
otros_electricos_VI,1,0.08333333333333333
enfriamiento_VI,1,0.08333333333333333
calefaccion_biomasa_VI,2,0.0
calefaccion_electricidad_VI,2,0.0
coccion_electricidad_VI,2,0.08333333333333333
coccion_gas_licuado_VI,2,0.08333333333333333
refrigeracion_VI,2,0.08333333333333333
iluminacion_VI,2,0.08333333333333333
otros_electricos_VI,2,0.08333333333333333
enfriamiento_VI,2,0.08333333333333333
calefaccion_biomasa_VI,3,0.0
calefaccion_electricidad_VI,3,0.0
coccion_electricidad_VI,3,0.08333333333333333
coccion_gas_licuado_VI,3,0.08333333333333333
refrigeracion_VI,3,0.08333333333333333
iluminacion_VI,3,0.08333333333333333
otros_electricos_VI,3,0.08333333333333333
enfriamiento_VI,3,0.08333333333333333
calefaccion_biomasa_VI,4,0.05
calefaccion_electricidad_VI,4,0.05
coccion_electricidad_VI,4,0.08333333333333333
coccion_gas_licuado_VI,4,0.08333333333333333
refrigeracion_VI,4,0.08333333333333333
iluminacion_VI,4,0.08333333333333333
otros_electricos_VI,4,0.08333333333333333
enfriamiento_VI,4,0.08333333333333333
calefaccion_biomasa_VI,5,0.15
calefaccion_electricidad_VI,5,0.15
coccion_electricidad_VI,5,0.08333333333333333
coccion_gas_licuado_VI,5,0.08333333333333333
refrigeracion_VI,5,0.08333333333333333
iluminacion_VI,5,0.08333333333333333
otros_electricos_VI,5,0.08333333333333333
enfriamiento_VI,5,0.08333333333333333
calefaccion_biomasa_VI,6,0.25
calefaccion_electricidad_VI,6,0.25
coccion_electricidad_VI,6,0.08333333333333333
coccion_gas_licuado_VI,6,0.08333333333333333
refrigeracion_VI,6,0.08333333333333333
iluminacion_VI,6,0.08333333333333333
otros_electricos_VI,6,0.08333333333333333
enfriamiento_VI,6,0.08333333333333333
calefaccion_biomasa_VI,7,0.25
calefaccion_electricidad_VI,7,0.25
coccion_electricidad_VI,7,0.08333333333333333
coccion_gas_licuado_VI,7,0.08333333333333333
refrigeracion_VI,7,0.08333333333333333
iluminacion_VI,7,0.08333333333333333
otros_electricos_VI,7,0.08333333333333333
enfriamiento_VI,7,0.08333333333333333
calefaccion_biomasa_VI,8,0.15
calefaccion_electricidad_VI,8,0.15
coccion_electricidad_VI,8,0.08333333333333333
coccion_gas_licuado_VI,8,0.08333333333333333
refrigeracion_VI,8,0.08333333333333333
iluminacion_VI,8,0.08333333333333333
otros_electricos_VI,8,0.08333333333333333
enfriamiento_VI,8,0.08333333333333333
calefaccion_biomasa_VI,9,0.1
calefaccion_electricidad_VI,9,0.1
coccion_electricidad_VI,9,0.08333333333333333
coccion_gas_licuado_VI,9,0.08333333333333333
refrigeracion_VI,9,0.08333333333333333
iluminacion_VI,9,0.08333333333333333
otros_electricos_VI,9,0.08333333333333333
enfriamiento_VI,9,0.08333333333333333
calefaccion_biomasa_VI,10,0.05
calefaccion_electricidad_VI,10,0.05
coccion_electricidad_VI,10,0.08333333333333333
coccion_gas_licuado_VI,10,0.08333333333333333
refrigeracion_VI,10,0.08333333333333333
iluminacion_VI,10,0.08333333333333333
otros_electricos_VI,10,0.08333333333333333
enfriamiento_VI,10,0.08333333333333333
calefaccion_biomasa_VI,11,0.0
calefaccion_electricidad_VI,11,0.0
coccion_electricidad_VI,11,0.08333333333333333
coccion_gas_licuado_VI,11,0.08333333333333333
refrigeracion_VI,11,0.08333333333333333
iluminacion_VI,11,0.08333333333333333
otros_electricos_VI,11,0.08333333333333333
enfriamiento_VI,11,0.08333333333333333
calefaccion_biomasa_VI,12,0.0
calefaccion_electricidad_VI,12,0.0
coccion_electricidad_VI,12,0.08333333333333333
coccion_gas_licuado_VI,12,0.08333333333333333
refrigeracion_VI,12,0.08333333333333333
iluminacion_VI,12,0.08333333333333333
otros_electricos_VI,12,0.08333333333333333
enfriamiento_VI,12,0.08333333333333333
